movie_id,title,overview,genres,release_date,rating,runtime,director,cast,poster_path
1423191,Vùng Đất Quỷ Dữ,Vùng Đất Quỷ Dữ,"Phim Kinh Dị, Phim Khoa Học Viễn Tưởng, Phim Phiêu Lưu",2026-09-16,7.342,95,Zach Cregger,"Austin Abrams, Paul Walter Hauser, Kali Reis",/jlFMvLuzjwt7aI1QVtiNVnFHNBe.jpg
1101383,Ngày Tàn Của Phố Oak,"Sau khi một thảm họa thiên nhiên xé toạc Phố Oak khỏi khu ngoại ô và đưa con phố đến một nơi xa lạ, gia đình Platt nhanh chóng nhận ra rằng chỉ bằng cách luôn đứng bên nhau, họ mới có thể vượt qua vận mệnh nghiệt ngã này.","Phim Khoa Học Viễn Tưởng, Phim Bí Ẩn, Phim Gây Cấn",2026-08-12,7.055,100,David Robert Mitchell,"Anne Hathaway, Ewan McGregor, Maisy Stella",/fprITg7E3v7Hj9wGKmCXCBVLSHq.jpg
1368337,The Odyssey,"Câu chuyện theo chân Odysseus trong hành trình kéo dài 10 năm trở về nhà sau cuộc chiến thành Troy, nơi ông phải đối mặt với các vị thần, quái vật và vô vàn thử thách, đồng thời nỗ lực đoàn tụ với vợ và giành lại vương quốc của mình.","Phim Phiêu Lưu, Phim Hành Động, Phim Giả Tượng",2026-07-15,8.017,173,Christopher Nolan,"Matt Damon, Tom Holland, Anne Hathaway",/7876PK6gosE13Uq1B6nRxf7AJLT.jpg
1204680,Coyote vs. Acme,"Sau quá nhiều lần thất bại vì những món hàng lỗi của công ty Acme trong cuộc săn đuổi không ngừng nghỉ chú chim Roadrunner, Wile E. Coyote quyết định thuê một luật sư… từ biển quảng cáo, để kiện tập đoàn Acme ra tòa.","Phim Hài, Phim Phiêu Lưu, Phim Gia Đình",2026-08-17,7.6,103,Dave Green,"Will Forte, Trần Đồng Lan, John Cena",/kYDCl2y0VPvhT5eYWbMRInPoB03.jpg
1032863,The Love Hypothesis,The Love Hypothesis,"Phim Lãng Mạn, Phim Hài",2026-09-23,8.153,112,Claire Scanlon,"Lili Reinhart, Tom Bateman, Rachel Marsh",/vfZxVHextAGC70zrNhS8lsROqP1.jpg
1751701,After Impact,After Impact,"Phim Khoa Học Viễn Tưởng, Phim Chính Kịch, Phim Gây Cấn",2026-09-15,6.441,95,"Michiel Rensen, Liam Carter","Michiel Rensen, Maxie Li, Riki Antonievich",/yzDuAQCY2n6zzOlBkn6JzhLhY3k.jpg
1228834,Phi Vụ Sửa Sai,"Sau một nhiệm vụ giải cứu thất bại ở Afghanistan, một nhóm cựu đặc vụ CIA mang trong mình cảm giác tội lỗi và thất bại. Khi người chỉ huy Larry tiết lộ bí mật về 25 triệu USD được cất giấu tại Tehran, Tucker tập hợp cả nhóm trở lại Iran, vừa nhằm kiếm một khoản tiền khổng lồ, vừa tìm cách chuộc lại những sai lầm trong quá khứ. Nhưng nhiệm vụ nhanh chóng biến thành một cuộc giải cứu nguy hiểm với những âm mưu, phản bội và bí mật tình báo bị che giấu suốt nhiều năm.","Phim Hành Động, Phim Gây Cấn",2026-09-10,7.0,142,Guy Moshe,"Zachary Levi, Liam Neeson, Wes Chatham",/9iSkee8DPpwBQI3GhXSTGZJKNYM.jpg
1288445,Tàu Buôn Người,"Sau khi chứng kiến ​​vụ sát hại người chủ tỷ phú của mình và bị gán tội oan, Cole Reed lên một con tàu chở hàng để đơn độc thực hiện hành trình báo thù, nhưng rồi lại phát hiện ra một âm mưu mang tầm quốc tế.","Phim Hành Động, Phim Gây Cấn",2026-08-19,7.318,95,Jean-François Richet,"Jason Statham, Annabelle Wallis, Roland Møller",/nDcgl5K2MCZk3xK3bh383CmIZsS.jpg
1375646,Bầy Xác Sống,"Giáo sư Se Jeong tham dự một hội nghị công nghệ sinh học, nhưng lại chứng kiến ​​nó biến thành thảm họa khi một loại virus đột biến nhanh chóng được giải phóng. Khi dịch bệnh lan rộng và những người nhiễm bệnh bắt đầu biến đổi, chính quyền đã phong tỏa toàn bộ cơ sở.","Phim Kinh Dị, Phim Hành Động, Phim Khoa Học Viễn Tưởng",2026-05-21,8.086,123,연상호,"전지현, 구교환, 지창욱",/lzI70txBtLH5kCUixYMJQffKkL9.jpg
1263337,Trái Tim Quái Thú,"Sau một vụ tai nạn máy bay kinh hoàng, sĩ quan Lực lượng Đặc nhiệm James Belmont (Brad Pitt) và chú chó chiến đấu Odin bị mắc kẹt giữa vùng hoang dã sâu thẳm của Alaska. Từ đó, họ buộc phải cùng nhau bước vào cuộc chiến sinh tồn khốc liệt trước thiên nhiên khắc nghiệt. Từ đạo diễn danh tiếng David Ayer, Trái Tim Quái Thú là một bộ phim phiêu lưu đầy căng thẳng, khai thác mối gắn kết không thể tách rời giữa một người đàn ông và người bạn thân thiết nhất của mình, khi cả hai phải đối mặt với trận chiến lớn nhất cuộc đời.","Phim Phiêu Lưu, Phim Gây Cấn",2026-09-19,7.681,101,David Ayer,"Brad Pitt, J.K. Simmons, Anna Lambe",/2nVdUaSsD4cV2GwwZpuXbiHIXM.jpg
1607127,Phát Bắn Cuối,Phát Bắn Cuối,"Phim Hành Động, Phim Gây Cấn",2026-09-22,7.393,98,James Nunn,"Scott Adkins, Steven Cree, Hannah Ware",/niQ4NBh2jqAf1hDZP5m6ReWFAb7.jpg
1492640,UNABOMBER,"Lấy cảm hứng từ sự kiện có thật, bộ phim chính kịch này kể về hành trình Ted Kaczynski từ thần đồng Harvard và đối tượng thí nghiệm trở thành Unabomber giữa lúc bị FBI truy lùng.","Phim Gây Cấn, Phim Chính Kịch, Phim Hình Sự",2026-09-25,6.97,101,Janus Metz,"Russell Crowe, Jacob Tremblay, Shailene Woodley",/39aMkR8Y5vhCG9dTkjiqRl8AVqp.jpg
1482547,Zip Wire,Zip Wire,"Phim Hành Động, Phim Gây Cấn",2026-08-31,7.3,95,Howard J. Ford,"MyAnna Buring, Joseph Millson, Saffron Burrows",/cO7J0XSVKPlAjUCMWC7DVBn1Py2.jpg
1339713,Ám Ảnh,"Sau khi bẻ gãy ""Liễu Ước Nguyện"" thần bí để có được người mình thầm yêu, gã si tình rốt cuộc cũng cầu được ước thấy, để rồi kinh hãi nhận ra cái giá tăm tối phía sau lời ước đó.","Phim Kinh Dị, Phim Gây Cấn",2026-05-13,8.19,109,Curry Barker,"Michael Johnston, Inde Navarrette, Cooper Tomlinson",/15qLAM3QM8DoPL9Fps4JOTdqWqt.jpg
1108427,Hành Trình Của Moana,"Nghe theo tiếng gọi của Đại Dương, Moana dũng cảm rời đảo Motunui, lần đầu vượt qua rạn san hô để khám phá thế giới rộng lớn. Cùng á thần Maui, cô bắt đầu hành trình phiêu lưu đầy kỳ diệu với sứ mệnh mang lại sự thịnh vượng cho quê hương.","Phim Gia Đình, Phim Giả Tượng, Phim Hài, Phim Phiêu Lưu",2026-07-08,7.393,115,Thomas Kail,"Catherine Lagaʻaia, Dwayne Johnson, Rena Owen",/lwqKqiBsGVBtQBZF9ZTunthBCyI.jpg
1232569,Pinocchio: Unstrung,Pinocchio: Unstrung,"Phim Kinh Dị, Phim Giả Tượng, Phim Bí Ẩn",2026-07-22,6.6,82,Rhys Frake-Waterfield,"Jude Evan Lloyd, Cameron Bell, Richard Brake",/eUJXk3bTvLBi5Zcb0BCedZU7lVL.jpg
1477712,Gã Bán Kem,Một thị trấn vào mùa hè yên bình đột nhiên trở nên hỗn loạn khi một ông bán kem phục vụ trẻ em những món ngọt nhưng lại đựng hậu quả kinh hoàng.,"Phim Hài, Phim Kinh Dị, Phim Gây Cấn",2026-08-03,4.75,86,Eli Roth,"Ari Millen, Charlie Zeltzer, Shiloh O’Reilly",/lNBxToxHWrzmkqeFnf1XADUTxQq.jpg
299534,Avengers: Hồi Kết,"Sau sự kiện hủy diệt tàn khốc, vũ trụ chìm trong cảnh hoang tàn. Với sự trợ giúp của những đồng minh còn sống sót, biệt đội siêu anh hùng Avengers tập hợp một lần nữa để đảo ngược hành động của Thanos và khôi phục lại trật tự của vũ trụ.","Phim Phiêu Lưu, Phim Khoa Học Viễn Tưởng, Phim Hành Động",2019-04-24,8.246,180,"Anthony Russo, Joe Russo","Robert Downey Jr., Chris Evans, Mark Ruffalo",/8go3YE9sBMQaCXEx23j6BAfeuxd.jpg
1240889,Dục Vọng Tuổi Mới Lớn Và Cái Chết Ở Trại Miasma,"Một nữ đạo diễn đang thực hiện phần tiếp theo của một bộ phim sát nhân hàng loạt dần ám ảnh với việc tuyển lại “cô gái sống sót cuối cùng” của phần phim gốc, kéo cả hai vào vòng xoáy hỗn loạn về tâm lý và tình dục.","Phim Hài, Phim Kinh Dị, Phim Lãng Mạn",2026-08-06,6.356,112,Jane Schoenbrun,"Hannah Einbinder, Gillian Anderson, Amanda Fix",/6Q6Zo6GNXMLP600OJSh6MhW21um.jpg
1440098,Enfrentados: Marfil,Enfrentados: Marfil,"Phim Lãng Mạn, Phim Gây Cấn",2026-09-09,6.729,104,Óscar Pedraza,"Ester Expósito, Hugo Diego Garcia, Pablo Molinero",/umlft1ztFbUcnHf960pXJocjpdv.jpg
1315772,Minions & Quái Vật,"Đây là câu chuyện có thật, đầy náo nhiệt, lố bịch và vô cùng điên rồ về cách các Minion chinh phục Hollywood, trở thành ngôi sao điện ảnh, rồi đánh mất tất cả, vô tình giải phóng những quái vật ra thế giới và cuối cùng buộc phải sát cánh bên nhau để cứu lấy Trái Đất khỏi chính mớ hỗn loạn mà họ đã gây ra.","Phim Phiêu Lưu, Phim Hoạt Hình, Phim Hài, Phim Gia Đình, Phim Giả Tượng",2026-06-24,7.563,90,Pierre Coffin,"Pierre Coffin, Trey Parker, Christoph Waltz",/z8OWDTR7pQuZi7jkEuR7yMXRrQt.jpg
1422011,Kết Thúc,"Một nhóm sinh viên mới tốt nghiệp lái xe đi ăn khuya, với hy vọng có một buổi tụ tập cuối cùng trước khi mỗi người đi theo con đường riêng. Thay vào đó, họ vô tình rẽ vào một con đường hai làn xe dài vô tận, bao quanh bởi những nỗi kinh hoàng và thế lực vũ trụ vượt quá tầm hiểu biết của họ. Bị nhồi nhét vào trong chiếc Jeep Cherokee và với quãng đường phía trước trải dài vô tận, họ phải đối mặt với một lựa chọn: chấp nhận cuộc sống mới hay chiến đấu để thoát khỏi nó.","Phim Kinh Dị, Phim Bí Ẩn",2026-08-21,5.4,89,Alexander Ullom,"Phinehas Yoon, Akira Jackson, Noah Toth",/6dfAGvZWbJnzWfSZ8gxFj63BNAH.jpg
1083381,Backrooms: Thực Thể Quỷ Quyệt,"Backrooms theo chân Clark, một chủ cửa hàng nội thất, vô tình phát hiện cánh cửa bí ẩn dưới tầng hầm. Bước qua đó, anh bị cuốn vào một chiều không gian vô tận với những căn phòng màu vàng méo mó, liên tục lặp lại. Khi Clark ngày càng lún sâu và ám ảnh, nhà trị liệu tâm lý của anh là Mary quyết định bước vào không gian đó để tìm và giải cứu anh.","Phim Kinh Dị, Phim Bí Ẩn, Phim Khoa Học Viễn Tưởng",2026-05-27,7.024,111,Kane Parsons,"Chiwetel Ejiofor, Renate Reinsve, Finn Bennett",/7uabN7xF4209cDUdBuMvkVcpkN2.jpg
1580190,除暴之路,除暴之路,"Phim Chính Kịch, Phim Hình Sự",2026-09-23,2.0,90,"秦鹏飞, 齐建勇","Lưu Phong Siêu, 房岩, Hoàng Đào",/kgoLu3CCb3pQARy0YWEvijKNSx4.jpg
1641629,Toi+Moi - Seuls contre tous,Toi+Moi - Seuls contre tous,"Phim Lãng Mạn, Phim Chính Kịch",2026-09-18,5.839,94,Manon Gaurin,"Vittoria Di Savoia, Lucas Barski, Zoé Garcia",/xwzLNsGMh1yDRGOGH58ftPWmfzq.jpg
1375441,Thời Điểm Vàng,Thời Điểm Vàng,"Phim Hình Sự, Phim Gây Cấn",2026-09-23,7.3,109,Lance Oppenheim,"Robert Pattinson, Skyler Gisondo, Merritt Wever",/lmrulvLbmaejTix1YaMxo1oGhH1.jpg
1465063,Hòn Đảo Quên Lãng,"Trong đêm cuối cùng bên nhau, Jo và Raissa tình cờ phát hiện một cánh cổng bí ẩn đưa họ đến hòn đảo kỳ ảo Nakali – nơi tràn ngập những sinh vật thần thoại và phép thuật mà họ từng được nghe kể từ gia đình người Philippines của mình. Tại đây, có những sinh vật trở thành bạn đồng hành, nhưng cũng có những kẻ là mối đe dọa. Đồng hành cùng chú chó sói vụng về nhưng tốt bụng Raww và một nhóm bạn nhỏ nhưng “có võ”, Jo và Raissa phải đối mặt với The Dreaded Manananggal, sinh vật đáng sợ nhất trên đảo. Khi phát hiện rằng cái giá để trở về nhà chính là toàn bộ ký ức về tình bạn của mình, Jo và Raissa buộc phải chạy đua với thời gian để tìm cách rời khỏi hòn đảo trước khi họ quên mất nhau mãi mãi.","Phim Hoạt Hình, Phim Phiêu Lưu, Phim Giả Tượng, Phim Hài, Phim Gia Đình",2026-09-10,8.2,109,"Januel Mercado, Joel Crawford","H.E.R., Liza Soberano, Dave Franco",/qgWcLlSXt8dWFjX4z01dUzXOkmt.jpg
1386315,The Runner,"The Runner là một bộ phim hành động giật gân của Anh năm 2026 do Kevin Macdonald đạo diễn,kịch bản do Mark Gibson viết, với sự tham gia của các diễn viên Gal Gadot , Damian Lewis và Alfred Enoch. Công tố viên Maia Martin nhận được một mệnh lệnh bí ẩn từ một người gọi điện không rõ danh tính, yêu cầu cô phải chạy đua khắp London để ngăn chặn một nhân chứng quan trọng ra làm chứng, nhằm cứu con trai bị bắt cóc của mình.","Phim Gây Cấn, Phim Hành Động",2026-09-03,6.814,86,Kevin Macdonald,"Gal Gadot, Damian Lewis, Rory Wilmot",/uxCaBoYXsDC4A0SqTm3SISj0OwK.jpg
1185806,PAW Patrol: Phim Khủng Long,"Khi con tàu của Paw Patrol bị cuốn vào một cơn bão bí ẩn, đội cún cứu hộ vô tình lưu lạc đến một hòn đảo nhiệt đới vô danh, nơi sinh sống của nhiều loài khủng long cổ xưa. Họ gặp Rex, một chuyên gia về khủng long, đã mắc kẹt trên hòn đảo này trong nhiều năm. Mọi chuyện trở nên tệ hơn khi Thị trưởng Humdinger, đối thủ không đội trời chung của PAW Patrol rắp tâm khai thác nguồn tài nguyên thiên nhiên tại đây, và vô tình gây ra trận phun trào của một ngọn núi lửa khổng lồ. Đứng trước nguy cơ hòn đảo bị xóa sổ, đội cún cứu hộ phải thực hiện những nhiệm vụ quy mô ""khủng"" hơn bao giờ hết để ngăn chặn Humdinger và cứu các loài khủng long khỏi nạn tuyệt chủng.","Phim Hoạt Hình, Phim Phiêu Lưu, Phim Gia Đình, Phim Giả Tượng, Phim Hài",2026-07-23,8.139,88,Cal Brunker,"Carter Young, Mckenna Grace, Terry Crews",/ucma9OplmkRE9AJr1rhFUr7NF59.jpg
1130948,Rosebush Pruning,Rosebush Pruning,"Phim Hài, Phim Chính Kịch, Phim Gây Cấn",2026-04-23,6.1,95,Karim Aïnouz,"Callum Turner, Riley Keough, Jamie Bell",/rsHEVjzxU8cxz1sm3vboj99daNv.jpg
1538457,மீசைய முருக்கு 2,மீசைய முருக்கு 2,"Phim Hài, Phim Lãng Mạn, Phim Chính Kịch",2026-09-25,0.0,138,HipHop Tamizha Adhi,"HipHop Tamizha Adhi, Ketika Sharma, Chaithra J Achar",/qD1QwmInB9ezd2peVb5EbhaM4Mo.jpg
1284465,Cái Chết của Robin Hood,"Vật lộn với quá khứ sau một đời đầy tội lỗi và đổ máu, Robin Hood bị trọng thương sau trận chiến mà anh tưởng là cuối cùng. Rơi vào tay một người phụ nữ bí ẩn, anh được trao cho một cơ hội chuộc lỗi và tìm kiếm sự cứu rỗi.","Phim Phiêu Lưu, Phim Chính Kịch, Phim Hành Động",2026-06-18,6.615,123,Michael Sarnoski,"Hugh Jackman, Jodie Comer, Bill Skarsgård",/13MmRwmG5NmaMfU8qNrtgGXisiD.jpg
1621552,La captura,La captura,"Phim Hình Sự, Phim Hành Động, Phim Gây Cấn",2026-08-21,8.797,91,Chava Cartas,"Alfonso Herrera, Noé Hernández, Héctor Kotsifakis",/iwCeOpuBtuTP1kLosqgniey5OvX.jpg
1516698,The Last Sunrise,The Last Sunrise,"Phim Lãng Mạn, Phim Chính Kịch",2026-08-26,6.842,107,Carlson Young,"Maia Reficco, Fernando Lindez, Eva Longoria",/3PWJqDfygN0YNNjWsDUOXclCp3h.jpg
1419406,Bổ Phong Truy Ảnh,"Wong Tak-Chung, một cựu chuyên gia giám sát được biết đến với khả năng phân tích dữ liệu và truy vết bậc thầy, bị cảnh sát Ma Cao mời trở lại hợp tác điều tra sau khi xuất hiện hàng loạt vụ cướp quy mô lớn do một tổ chức tội phạm công nghệ cao thực hiện.","Phim Hành Động, Phim Hình Sự, Phim Chính Kịch, Phim Gây Cấn",2025-08-16,8.297,142,杨子,"Thành Long, Trương Tử Phong, Lương Gia Huy",/5LGUvRBXoXHsMZsZrCGBOVmwOVd.jpg
1101412,Cú Rơi Tử Thần 2: Điểm Chết,"Sau cái chết của chị gái Hunter, Jax tìm thấy chút an ủi nơi Luce, người bạn gan dạ từng thân thiết với Hunter. Để đối diện nỗi mất mát, họ cùng thử thách cung đường ván treo khét tiếng trên núi Kwan ở Thái Lan, nhưng một vụ sạt lở bất ngờ khiến Jax mắc kẹt ở độ cao 3,000 feet, nơi chỉ một bước sai cũng có thể là dấu chấm hết.",Phim Gây Cấn,2026-09-01,6.173,98,"Peter Spierig, Michael Spierig","Harriet Slater, Arsema Thomas, Tom Brittney",/fgSm5ylwiXbIHn8UbUXDjk9RRu4.jpg
813418,Hot Spot,Hot Spot,"Phim Khoa Học Viễn Tưởng, Phim Hành Động, Phim Hình Sự, Phim Giả Tượng, Phim Gây Cấn",2026-08-21,4.848,101,Agnieszka Smoczyńska,"Andrzej Konopka, Noomi Rapace, 霧島れいか",/42egzT6e4CIEdrEo4Xc31DKyGjA.jpg
1127384,Vùng Biển Chết Chóc,Vùng Biển Chết Chóc,"Phim Kinh Dị, Phim Gây Cấn, Phim Phiêu Lưu",2026-04-30,7.398,107,Renny Harlin,"Aaron Eckhart, Ben Kingsley, Molly Belle Wright",/ZWHxL2ETItcZzeVsVfs6gv3SZ7.jpg
1340102,Nắm Đấm Sư Tử,"Võ sĩ Joe vào tù 4 năm để nhận tội thay người vợ trong một vụ bắt giữ ma tuý. Sau khi ra tù, anh biết tin con trai cần phẫu thuật rất tốn kèm vì một khối u đe doạ tính mạng. Cơ hội duy nhất để Joe cứu con trai là một giải đấu võ thuật tổng hợp khốc liệt với giải thưởng trị giá 100.000 đô la.",Phim Hành Động,2026-09-10,7.2,91,Taim M. Adams,"Mathis Landwehr, Li Yanlong, Kurt McKinney",/ezFIXWTbIXlBuZ4kKgto4N3i3of.jpg
1137844,Báo Động Mayday,"Khi một phi công hải quân Hoa Kỳ bị mắc kẹt bên chiến tuyến địch khi đang thực hiện nhiệm vụ tối mật thời Chiến tranh Lạnh, cơ hội sống sót duy nhất của anh là bắt tay liên minh với một cựu đặc vụ KGB lập dị.","Phim Hành Động, Phim Hài",2026-09-03,8.01,111,"Jonathan Goldstein, John Francis Daley","Ryan Reynolds, Kenneth Branagh, Marcin Dorociński",/8Z4fJw4x9HTARI83yDK5zvi5sXU.jpg
1248832,Digger,"Tom Cruise vào vai Digger Rockwell - Người đàn ông quyền lực nhất thế giới. Khi một thảm họa do chính mình gây ra đang đẩy nhân loại đến bờ vực diệt vong, Digger buộc phải chạy đua với thời gian để chứng minh mình là vị cứu tinh của nhân loại.",Phim Hài,2026-09-30,8.1,129,Alejandro G. Iñárritu,"Tom Cruise, Riz Ahmed, John Goodman",/d83tkXcvS5fdsgiCS9n6GLnRYmC.jpg
278,Nhà Tù Shawshank,"Nhà tù Shawshank kể về Andrew, một nhân viên nhà băng, bị kết án chung thân sau khi giết vợ và nhân tình của cô. Anh một mực cho rằng mình bị oan. Andy bị đưa tới nhà tù Shawshank. Tại đây, thế giới ngầm của các phạm nhân, sự hà khắc của hệ thống quản giáo xung đột và giành nhau quyền thống trị. Chỉ có các phạm nhân trung lập là bị kẹt ở giữa và có thể bỏ mạng. Làm quen với tay ‘quản lý chợ đen’ Redding, Andy dần thích nghi với cuộc sống tại Shawshank. Song, kế hoạch lớn hơn việc tồn tại ở nhà tù này đang được anh suy tính. Qua con mắt và lời kể của Redding, cuộc vượt ngục vĩ đại này được kể tuần tự cùng một kết thúc bất ngờ","Phim Chính Kịch, Phim Hình Sự",1994-09-23,8.731,142,Frank Darabont,"Tim Robbins, Morgan Freeman, Bob Gunton",/zLyG4nquaaZKCA3CJdQCEzTwN1R.jpg
1393326,Ma Tù,"Một tù nhân bí ẩn xuất hiện trong một nhà tù khét tiếng bạo lực nhất Indonesia, mang theo một thực thể siêu nhiên chỉ săn lùng những kẻ có năng lượng tiêu cực. Để sống sót, các tù nhân buộc phải cùng nhau làm việc thiện nhằm xóa bỏ bóng tối trong tâm hồn. Hoặc chết từng người một.","Phim Kinh Dị, Phim Hài, Phim Gây Cấn",2026-04-16,7.2,106,Joko Anwar,"Abimana Aryasatya, Bront Palarae, Dimas Danang",/9qp7Dczia8dadV7bnZNuK0ar2yF.jpg
1506560,Clash of the Thundermans,Clash of the Thundermans,"Chương Trình Truyền Hình, Phim Gia Đình, Phim Hành Động",2026-09-03,6.71,72,Trevor Kirschner,"Kira Kosarin, Jack Griffo, Maya Le Clark",/16oqRrWVzQm6qdGfBxvziZ2UiMT.jpg
1341138,Spa Weekend,Spa Weekend,Phim Hài,2026-08-20,6.5,97,"Jon Lucas, Scott Moore","Leslie Mann, Michelle Buteau, Anna Faris",/uhx4YjT9YbSxrKVE7GWJdjI412J.jpg
1291595,Quỷ Quyệt: Ranh Giới Vô Định,"Ba kẻ rình rập xâm nhập một khu dân cư yên tĩnh và kéo một gia đình mới chuyển đến sang cõi linh hồn. Tại đó, họ phát hiện ra một sự thật kinh hoàng: cõi âm đang dần xâm lấn thế giới thực.","Phim Kinh Dị, Phim Gây Cấn",2026-08-19,6.5,106,Jacob Chase,"Amelia Eve, Island Austin, Brandon Perea",/u1ZyMm7HcYO1CJwtk28dStDH9Bp.jpg
1226863,Phim Super Mario Thiên Hà,"Nối tiếp thành công của phần phim đầu tiên, Mario và Luigi dấn thân vào một cuộc phiêu lưu ngoài sức tưởng tượng khi họ bị cuốn vào không gian sâu thẳm. Lần này, họ gặp gỡ Rosalina, người bảo vệ các vì sao và là ""mẹ"" của những sinh vật Luma đáng yêu. Cả nhóm phải hợp sức để ngăn chặn âm mưu thôn tính toàn bộ vũ trụ của Bowser, khi hắn đang thu thập các Grand Stars để xây dựng một đế chế thiên hà hùng mạnh. Phim hứa hẹn mang đến những màn rượt đuổi nghẹt thở giữa các hành tinh với trọng lực siêu thực và hình ảnh rực rỡ.","Phim Gia Đình, Phim Hài, Phim Phiêu Lưu, Phim Giả Tượng, Phim Hoạt Hình",2026-04-01,8.219,98,"Michael Jelenic, Aaron Horvath","Chris Pratt, Charlie Day, Anya Taylor-Joy",/h1FlxHYiVcZVkIE5XW599ZkV6Sr.jpg
1273221,Phim Kinh Dị,"Hai mươi sáu năm sau khi thoát khỏi tên sát nhân Ghostface nguyên bản, nhóm Core Four - gồm Cindy, Brenda, Shorty và Ray lại rơi vào tình thế nguy hiểm. Lúc này, Cindy đã trở thành một người mẹ luôn sống trong lo âu và mang theo súng bên mình, cô buộc phải ra tay giải cứu thế hệ trẻ, đứng đầu là Sara và Tuesday. Khi tên sát nhân đeo mặt nạ tái xuất, cả những gương mặt cũ được yêu thích lẫn các nhân vật mới đều cùng nhau châm biếm những mô-típ phim kinh dị hiện đại, các bản tái khởi động, câu chuyện về nguồn gốc nhân vật và các phần phim ngoại truyện",Phim Hài,2026-06-03,6.369,96,Michael Tiddes,"Anna Faris, Regina Hall, Marlon Wayans",/4i90SNCZb3CFXVs5xlEjm5RuonP.jpg
671,Harry Potter và Hòn Đá Phù Thủy,"Harry Potter và Hòn Đá Phù Thủy là bộ phim đầu tiên trong series phim “Harry Potter” được xây dựng dựa trên tiểu thuyết của nhà văn J.K.Rowling. Nhân vật chính của phim, Harry Potter - một cậu bé 11 tuổi sau khi mồ côi cha mẹ đã bị gửi đến nhà dì dượng của mình, gia đình Dursley. Tuy nhiên, cậu bé bị ngược đãi và không hề biết về thân phận thực sự của mình.  Vào sinh nhật thứ 11 của Harry, một người lai khổng lồ là Rubeus Hagrid đã đến tìm cậu bé để đưa cậu về trường Pháp Thuật Hogwarts. Lúc này, Harry mới biết được mình là phù thủy và một phần câu chuyện về cha mẹ mình, những người đã bị Voldemort giết hại. Cùng với trí thông minh và lòng dũng cảm, cậu bé đã cùng những người bạn của mình khám phá những điều bí mật nguy hiểm về thế giới của phép thuật...","Phim Phiêu Lưu, Phim Giả Tượng",2001-11-16,7.904,152,Chris Columbus,"Daniel Radcliffe, Rupert Grint, Emma Watson",/xDdgZkQ5Q3Jtnc2IhgAGQlPPCij.jpg
445466,Idiots,Idiots,"Phim Hài, Phim Hình Sự",2026-08-20,6.472,100,Macon Blair,"Dave Franco, O'Shea Jackson Jr., Mason Thames",/flpCqxH46pGZD1kNOdYgrVsDoTm.jpg
936075,Michael,"Michael là bức chân dung điện ảnh khắc họa cuộc đời và di sản của một trong những nghệ sĩ có sức ảnh hưởng lớn nhất mà thế giới từng biết đến. Bộ phim kể về cuộc đời của Michael Jackson ngoài âm nhạc, theo dấu hành trình từ khi tài năng phi thường của ông được phát hiện trong vai trò giọng ca chính của nhóm Jackson Five, cho đến khi ông trở thành một nghệ sĩ có tầm nhìn xa, với khát vọng sáng tạo không ngừng để vươn tới danh hiệu “ngôi sao giải trí vĩ đại nhất thế giới”. Cho thấy cuộc sống phía sau hào quang sân khấu lẫn những màn trình diễn mang tính biểu tượng nhất trong giai đoạn đầu sự nghiệp solo, bộ phim mang đến cho khán giả một góc nhìn chân thực hơn bao giờ hết về Michael Jackson. Đây chính là nơi câu chuyện của ông bắt đầu.","Phim Nhạc, Phim Chính Kịch",2026-04-22,8.626,127,Antoine Fuqua,"Jaafar Jackson, Colman Domingo, Nia Long",/sXP7VzpnHQIThf5v6b64XaczEK2.jpg
1594914,Lucky Strike,Lucky Strike,"Phim Hành Động, Phim Chiến Tranh",2026-06-26,6.8,102,Rod Lurie,"Scott Eastwood, Colin Hanks, Aunjanue Ellis-Taylor",/7AEBdyGYXumXWmMFeynE8227KeZ.jpg
860508,Người thì thầm,"Khi con trai nhỏ mất tích, một người đàn ông góa vợ phải nhờ đến người cha xa cách từ lâu – cựu thanh tra từng bắt giữ tên sát nhân hàng loạt, kẻ giờ đây có liên quan đến vụ án.","Phim Hình Sự, Phim Chính Kịch, Phim Gây Cấn",2026-08-27,6.9,114,James Ashcroft,"Robert De Niro, Michelle Monaghan, Adam Scott",/ndRs5lADYm0PeVjuOxaMcInY0o2.jpg
1384216,Chòm Sao Bất Diệt,Chòm Sao Bất Diệt,"Phim Khoa Học Viễn Tưởng, Phim Gây Cấn, Phim Phiêu Lưu",2026-08-26,6.6,119,Ridley Scott,"Jacob Elordi, Margaret Qualley, Josh Brolin",/9r8N0ftwSnvPAMQQ5sLPolLxbqx.jpg
1514682,Above & Below,Above & Below,"Phim Gây Cấn, Phim Hình Sự",2026-07-29,6.1,95,Jesse V. Johnson,"Laura Marano, Christina Ochoa, Mario Tardón",/7bOuu1SRALGwsG2fLCTvRkCmQBj.jpg
1523145,Твоё сердце будет разбито,Твоё сердце будет разбито,Phim Lãng Mạn,2026-03-26,7.1,134,Михаил Вайнберг,"Даниэль Вегас, Вероника Журавлёва, Иван Трушин",/iGpMm603GUKH2SiXB2S5m4sZ17t.jpg
1327819,Hoppers: Cú Nhảy Kỳ Diệu,"Các nhà khoa học đã khám phá ra cách ""nhảy"" ý thức con người vào những con vật robot sống động như thật, cho phép con người giao tiếp với động vật dưới hình dạng động vật! Nhờ công nghệ mới này, Mabel sẽ khám phá những bí ẩn trong thế giới động vật vượt xa mọi điều cô từng tưởng tượng.","Phim Phiêu Lưu, Phim Hoạt Hình, Phim Hài, Phim Gia Đình, Phim Khoa Học Viễn Tưởng",2026-03-04,8.148,104,Daniel Chong,"Piper Curda, Bobby Moynihan, Jon Hamm",/1A7WxXAYddDCrO9dTCEdSzQKU9d.jpg
1058424,Hope: Vùng Tử Địa,"Tại Hope Harbor, một ngôi làng hẻo lánh nằm gần khu vực phi quân sự, cảnh sát trưởng Bum-seok đã nhận được tin báo khẩn cấp từ người dân địa phương về sự xuất hiện của một con hổ. Khi cả ngôi làng chìm trong hoảng loạn, Bum-seok ngỡ ngàng khi phát hiện một sự thật nằm ngoài sức tưởng tượng của con người.","Phim Khoa Học Viễn Tưởng, Phim Bí Ẩn, Phim Hành Động",2026-07-15,7.242,157,나홍진,"황정민, 조인성, 정호연",/yY5GFSFM4eQknenk2oCoC19EeF5.jpg
1685882,மொத ராத்திரி,மொத ராத்திரி,"Phim Lãng Mạn, Phim Hài",2026-08-21,7.9,141,Raja Karuppasamy,"Rishikanth, Anishma Anilkumar, Chetan",/3VuNFeniljhEe9MDW12MnDbETgH.jpg
672,Harry Potter và Căn Phòng Bí Mật,"Harry trở lại năm thứ hai tại Hogwarts, nhưng phát hiện ra rằng những điều tồi tệ đang xảy ra bởi vì một trang web có tên là Phòng chứa bí mật đã được người thừa kế của Slytherin mở ra và sẽ khiến những đứa trẻ của Muggles, những kẻ không trong sạch, xuất hiện một cách bí ẩn bởi một con vật quái dị.","Phim Phiêu Lưu, Phim Giả Tượng",2002-11-13,7.708,161,Chris Columbus,"Daniel Radcliffe, Rupert Grint, Emma Watson",/yujrz8XVQ0z5kcSwuYInE71xVsZ.jpg
674,Harry Potter và Chiếc Cốc Lửa,"Khi giải Quidditch Thế giới bị cắt ngang bởi những kẻ ủng hộ Chúa tể Voldemort và sự trở lại của Dấu hiệu hắc ám khủng khiếp, Harry ý thức được rõ ràng rằng, Chúa tể Voldemort đang ngày càng mạnh hơn. Và để trở lại thế giới phép thuật, Chúa tể hắc ám cần phải đánh bại kẻ duy nhất sống sót từ lời nguyền chết chóc của hắn - Harry Potter. Vì lẽ đó, khi Harry bị buộc phải bước vào giải đấu Tam Pháp thuật uy tín nhưng nguy hiểm, cậu nhận ra rằng trên cả chiến thắng, cậu phải giữ được mạng sống của mình.","Phim Phiêu Lưu, Phim Giả Tượng",2005-11-16,7.802,157,Mike Newell,"Daniel Radcliffe, Rupert Grint, Emma Watson",/yMyn4EAlOv96KCFScKKuowbC5AG.jpg
673,Harry Potter và Tù Nhân Azkaban,"Harry đang mong chờ đến cuối mùa hè để bắt đầu một khóa học mới tại Hogwarts, và rời khỏi ngôi nhà của người dì và người chú đáng khinh của mình, Dursley, càng sớm càng tốt. Điều Harry không biết là anh sẽ phải rời khỏi Privet Drive sớm và bất ngờ sau khi biến dì Marge của mình thành một quả bóng bay khổng lồ. Một chiếc xe buýt đêm, và tất nhiên là mê hoặc, sẽ đưa anh ta đến quán rượu Leaky Cauldron, nơi không ai khác ngoài Cornelius Fudge, Bộ trưởng Bộ Pháp thuật, đang chờ anh ta.","Phim Phiêu Lưu, Phim Giả Tượng",2004-05-31,8.012,141,Alfonso Cuarón,"Daniel Radcliffe, Rupert Grint, Emma Watson",/vUwrS4EeRbhs183aK3MCGUhjIOX.jpg
1302904,Bùa Yêu: Bí Mật Gia Tộc,"Bùa Yêu: Bí Mật Gia Tộc đưa khán giả đến thế giới phép thuật đầy mê hoặc, nơi những bí ẩn dưới ánh trăng và sức mạnh ma thuật gia truyền vẫn luôn hiện hữu. Lần này, hai chị em nhà Owens phải cùng nhau đối mặt với một lời nguyền đen tối đang đe dọa chia cắt gia đình mãi mãi.","Phim Lãng Mạn, Phim Giả Tượng, Phim Hài",2026-09-09,6.207,130,Susanne Bier,"Sandra Bullock, Nicole Kidman, Joey King",/fNyixhNFs5iWZ3QXhdT8t8D6lsk.jpg
1329016,Tony,Tony,"Phim Chính Kịch, Phim Hài",2026-08-07,7.564,106,Matt Johnson,"Dominic Sessa, Antonio Banderas, Emilia Jones",/uwZF5guNR5EnXkjIVTk4UPTVGiS.jpg
1314481,Yêu Nữ Thích Hàng Hiệu 2,"Hai mươi năm sau màn hóa thân kinh điển vào các vai diễn Miranda, Andy, Emily và Nigel — Meryl Streep, Anne Hathaway, Emily Blunt và Stanley Tucci sẽ chính thức trở lại với những con phố thời thượng của New York và văn phòng sang trọng của Tạp chí Runway trong ""The Devil Wears Prada 2"" (Yêu Nữ Thích Hàng Hiệu 2). Đây là phần phim tiếp theo cực kỳ được mong đợi từ 20th Century Studios, kế thừa sức hút từ hiện tượng điện ảnh năm 2006 từng định hình phong cách cho cả một thế hệ. Bộ phim được đạo diễn bởi David Frankel, kịch bản bởi Aline Brosh McKenna, sản xuất bởi Wendy Finerman, điều hành sản xuất bởi Michael Bederman, Karen Rosenfelt và Aline Brosh McKenna.","Phim Hài, Phim Chính Kịch",2026-04-29,7.0,119,David Frankel,"Anne Hathaway, Meryl Streep, Emily Blunt",/hhCEHR0OKeVJUiQLtiI6GBbUeAe.jpg
843352,Legend of the White Dragon,Legend of the White Dragon,"Phim Hành Động, Phim Giả Tượng",2026-08-28,6.115,97,Aaron Schoenke,"Jason David Frank, Aaron Schoenke, Jason Faunt",/5JJRTM1mMuqnK4BJojMljm5Xpgj.jpg
950028,Lời Mời,"Cuộc hôn nhân của Joe và Angela đang đứng bên bờ vực tan vỡ. Khi mời cặp hàng xóm bí ẩn sống ở tầng trên đến dự tiệc tối, họ không ngờ rằng đêm tiệc lại diễn biến theo những chiều hướng đầy bất ngờ. Liệu họ đã khơi dậy lại ngọn lửa tình yêu, hay vô tình châm ngòi cho một ngọn lửa thiêu rụi tất cả ?","Phim Hài, Phim Chính Kịch, Phim Lãng Mạn",2026-06-25,7.2,107,Olivia Wilde,"Olivia Wilde, Seth Rogen, Penélope Cruz",/b7Dr8Chzse8VagexAporUu2RtLx.jpg
1290821,Kẻ Ẩn Dật,"Michael Mason, một cựu sát thủ chính phủ đang sống ẩn dật trên một hòn đảo hẻo lánh tại Scotland, tình cờ cứu mạng một cô bé tên Jessie sau một cơn bão dữ dội. Hành động nghĩa hiệp này vô tình khiến tung tích của anh bị lộ, buộc Mason phải đối đầu với những bóng ma từ quá khứ và các đặc vụ MI6 đang truy đuổi gắt gao. Để bảo vệ đứa trẻ, anh phải từ bỏ cuộc sống yên bình, vận dụng mọi kỹ năng sinh tồn và chiến đấu để thoát khỏi vòng vây của những kẻ thù nguy hiểm.","Phim Hành Động, Phim Hình Sự, Phim Gây Cấn",2026-01-28,7.8,107,Ric Roman Waugh,"Jason Statham, Bodhi Rae Breathnach, Naomi Ackie",/mucESEbFFqk3ilVpNxEF53IHIVT.jpg
14836,Cô Bé Coraline,"Khi Coraline chuyển đến một ngôi nhà cũ, cô cảm thấy buồn chán và bị cha mẹ bỏ rơi. Cô tìm thấy một cánh cửa ẩn với một lối đi bằng gạch. Trong đêm, cô băng qua hành lang và tìm thấy một thế giới song song, nơi mọi người đều có nút thay vì mắt, với cha mẹ chăm sóc và tất cả ước mơ của cô đều trở thành sự thật. Khi Người Mẹ khác mời Coraline ở lại thế giới của mình mãi mãi, cô gái từ chối và thấy rằng thực tế thay thế nơi cô bị mắc kẹt chỉ là một thủ thuật để thu hút cô.","Phim Hoạt Hình, Phim Gia Đình, Phim Giả Tượng, Phim Kinh Dị",2009-02-05,7.94,100,Henry Selick,"Dakota Fanning, Teri Hatcher, Jennifer Saunders",/p8YSnUyQGZQkW1NSgVvn7ubWWCn.jpg
10681,Robot Biết Yêu,"Trong tương lai, trái đất bị bao phủ bởi rác thải, loài người buộc phải rời khỏi trái đất và thay thế vào đó là hàng triệu con rô-bốt nhỏ bé với nhiệm vụ thu dọn rác thải cho đến khi trái đất có thể ở được.  Nhưng chương trình đó thất bại chỉ trừ một chú robot nhỏ bé vẫn chăm chỉ làm công việc của mình, đó chính là WALL-E – robot duy nhất bị bỏ lại trên trái đất bắt đầu có một lỗi nhỏ trong hệ thống: phát triển tính cách của con người. WALL-E lãng mạn mơ ước rằng một ngày cậu sẽ kết giao được với ai đó, và cuộc đời này hẳn còn nhiều điều thú vị hơn công việc buồn tẻ mà cậu làm hàng ngày.  Thế rồi EVE xuất hiện. EVE là cô người máy thăm dò có kiểu dáng đẹp, nhanh nhẹn, có thể bay và được trang bị súng laser. EVE thuộc hạm đội người máy được Phi trưởng của tàu Axiom cử xuống trái đất để làm nhiệm vụ kiểm tra bí mật. Theo đuổi EVE, WALL-E không thể ngờ rằng cậu sẽ vượt qua dải ngân hà và bước vào một chuyến phiêu lưu kỳ thú vượt xa sự tưởng tượng của chính mình.","Phim Hoạt Hình, Phim Gia Đình, Phim Khoa Học Viễn Tưởng",2008-06-26,8.125,98,Andrew Stanton,"Ben Burtt, Elissa Knight, Jeff Garlin",/jNPu8FFumN2gTdUn4Np4kFVobtU.jpg
1433583,Trọng lượng,"Khi Samuel bị tách khỏi con gái mình và bị đưa đến nhà tù tàn bạo, Warden Clancy đưa ra cho anh một đề nghị mạo hiểm: buôn lậu vàng ra khỏi một khu mỏ hẻo lánh cùng với một nhóm tù nhân nguy hiểm và anh sẽ giành được tự do.","Phim Chính Kịch, Phim Gây Cấn, Phim Hình Sự",2026-09-16,6.882,112,Padraic McKinley,"Ethan Hawke, Russell Crowe, Julia Jones",/2fAU3Gx2cFoYFKAE5wtJFyXOFc4.jpg
1514026,Buddy,Buddy,"Phim Kinh Dị, Phim Hài, Phim Giả Tượng",2026-08-27,7.779,95,Casper Kelly,"Keegan-Michael Key, Cristin Milioti, Delaney Quinn",/1BdZbNvl1SfrrX8J9X5tQzN6Ivu.jpg
1288059,I Want Your Sex,I Want Your Sex,Phim Hài,2026-07-29,6.1,90,Gregg Araki,"Olivia Wilde, Cooper Hoffman, Mason Gooding",/pR7SIX3AwqdoD96OI44oLG98e7g.jpg
1122573,Trong Vùng Xám,"Khi một tên bạo chúa tàn nhẫn cướp đi khối tài sản trị giá 1 tỷ đô la, một đội đặc nhiệm tinh nhuệ hoạt động bí mật trong bóng tối toàn cầu được giao nhiệm vụ đoạt lại số tiền đó trong một phi vụ mà với bất kỳ ai khác cũng gần như là nhiệm vụ tự sát. Thành thạo thao túng quyền lực và tầm ảnh hưởng không kém gì sử dụng vũ khí tự động và thuốc nổ hạng nặng, họ bước vào một vụ cướp tưởng chừng bất khả thi rồi nhanh chóng bị cuốn vào một cuộc chiến toàn diện của chiến lược, lừa dối và sinh tồn.","Phim Hành Động, Phim Gây Cấn",2026-05-13,7.558,97,Guy Ritchie,"Henry Cavill, Jake Gyllenhaal, Eiza González",/fuC8BZLyE4L4JbEAMUCXZUBbi9W.jpg
675,Harry Potter và Mệnh Lệnh Phượng Hoàng,"Harry tức giận vì bị bỏ rơi ở nhà Dursley trong dịp hè, cậu ngờ rằng Chúa tể hắc ám Voldemort đang tập hợp lực lượng, và vì cậu có nguy cơ bị tấn công, những người Harry luôn coi là bạn đang cố che giấu tung tích cậu. Cuối cùng, sau khi được giải cứu, Harry khám phá ra rằng giáo sư Dumbledore đang tập hợp lại Hội Phượng Hoàng – một đoàn quân bí mật đã được thành lập từ những năm trước nhằm chống lại Chúa tể Voldemort.  Tuy nhiên, Bộ Pháp thuật không ủng hộ Hội Phượng Hoàng, những lời bịa đặt nhanh chóng được đăng tải trên Nhật báo Tiên tri – một tờ báo của giới phù thủy, Harry lo ngại rằng rất có khả năng cậu sẽ phải gánh vác trách nhiệm chống lại cái ác một mình.","Phim Phiêu Lưu, Phim Giả Tượng",2007-07-08,7.673,138,David Yates,"Daniel Radcliffe, Rupert Grint, Emma Watson",/51WvjaatMgGZehizhtEGYD7p9kb.jpg
767,Harry Potter và Hoàng Tử Lai,"Đây là năm thứ 6 của Harry Potter tại trường Hogwarts. Trong lúc những thế lực hắc ám của Voldemort gieo rắc nỗi kinh hoàng và sợ hãi ở khắp nơi, mọi chuyện càng lúc càng trở nên rõ ràng hơn đối với Harry, cậu sẽ sớm phải đối diện với định mệnh của mình.  Draco Malfoy, kẻ thù không đội trời chung của Harry, có nhiều hành động khả nghi, luôn lén lút đi khắp trường. Vì thế, Harry cho rằng Draco là nội gián của Voldermort và quyết tâm tìm hiểu chính xác chuyện gì đang xảy ra...","Phim Phiêu Lưu, Phim Giả Tượng",2009-07-15,7.7,153,David Yates,"Daniel Radcliffe, Rupert Grint, Emma Watson",/6YLJLaqxT6HHQeBMIWvcKpxS1Et.jpg
105,Trở Về Tương Lai,Nhà phát minh lập dị Tiến sĩ Brown biến chiếc DeLorean thành cỗ máy thời gian. Cỗ máy này vô tình đưa người bạn trẻ của ông – Marty McFly – trở về quá khứ 30 năm trước.,"Phim Phiêu Lưu, Phim Hài, Phim Khoa Học Viễn Tưởng",1985-07-03,8.33,116,Robert Zemeckis,"Michael J. Fox, Christopher Lloyd, Crispin Glover",/d8O1txQtDobdenlyL7uArsRezdj.jpg
12445,Harry Potter và Bảo Bối Tử Thần: Phần 2,"Kết thúc phần 1 là khi nhóm bạn Harry Potter, Ron và Hermione quay trở lại trường Hogwarts để tìm và tiêu diệt Trường Sinh Linh Giá cuối cùng của Voldemort. Nhưng Voldemort đã phát hiện ra nhiệm vụ của họ, và trận chiến pháp thuật lớn nhất trong lịch sử đã diễn ra ở đây, nơi mà biết bao người ngã xuống, nơi mà tất cả các pháp sư dũng cảm sẵn sàng đánh đổi cuộc sống của mình để tiêu diệt tận cùng thế lực hắc ám. Giáo sư Dumbledore mặc dù đã mất từ tập 6, nhưng ở phần cuối ông vẫn đóng vai trò quan trọng trong việc dẫn đường chỉ lối cho Harry chiến đấu với phù thủy hắc ám mạnh nhất mọi thời đại...","Phim Phiêu Lưu, Phim Giả Tượng",2011-07-12,8.08,130,David Yates,"Daniel Radcliffe, Emma Watson, Rupert Grint",/aHlLUx7VKzznUObPbFCUalZ1PVL.jpg
1318467,The Last Kiss,The Last Kiss,"Phim Kinh Dị, Phim Bí Ẩn, Phim Gây Cấn",2026-09-15,6.3,97,Yoko Okumura,"Mckenna Grace, Arkira Chantaratananond, Jaden Michael",/cLZ7iFZc25vluSIKt3XtdSTait4.jpg
1433367,Một Đêm Duy Nhất,"Sẽ ra sao nếu một đêm hỗn độn lại trở thành điều tuyệt vời nhất từng xảy ra trong đời bạn? Allie và Owen, hai kẻ xa lạ đang ""đói khát"" tình yêu, vô tình va vào nhau giữa lòng New York phiên bản được hư cấu đôi chút, vào đúng đêm duy nhất trong năm hội độc thân được phép ""làm chuyện ấy"". Chàng trai Owen vừa bị đá và cô nàng Allie mộng mơ có lẽ là hai kẻ độc thân duy nhất trong thành phố đang tìm kiếm điều gì đó ý nghĩa hơn là một cuộc tình chóng vánh. Cả hai dường như đã rung động ngay từ lần đầu gặp gỡ, nhưng hàng loạt tình huống dở khóc dở cười cùng những rắc rối phát sinh càng khiến đêm hôm đó trở nên phức tạp và đẩy họ ra xa nhau. Trong lúc mải miết đuổi theo rồi lại vuột mất nhau khắp thành phố, Owen và Allie dần nhận ra rằng, có lẽ điều bản thân khao khát nhất thực chất lại ở gần hơn họ tưởng.","Phim Lãng Mạn, Phim Hài",2026-08-06,6.5,103,Will Gluck,"Monica Barbaro, Callum Turner, Maya Hawke",/vY7HPRfYLJCTWwVnTiEO17ZPQZy.jpg
1283515,Verity: Bí Mật Bị Chôn Vùi,"Lowen Ashleigh được Jeremy Crawford thuê để viết tiếp các tiểu thuyết dang dở cho vợ anh là Verity, một nữ nhà văn nổi tiếng không còn khả năng hoàn thành công việc sau tai nạn. Trong thời gian sống tại nhà Crawford để làm việc, Lowen dần phát hiện những bí mật rùng rợn xoay quanh Verity.","Phim Bí Ẩn, Phim Gây Cấn",2026-09-30,10.0,117,Michael Showalter,"Anne Hathaway, Dakota Johnson, Josh Hartnett",/54MwktkK2i2GJM8fYU9jNXGaHk.jpg
1514863,Best of the Best,Best of the Best,Phim Hài,2026-09-18,5.261,112,Lena Khan,"Maitreyi Ramakrishnan, Priyanka Kedia, Chaneil Kular",/9soOjsZ91vtMzypK2F3MC378JI5.jpg
12444,Harry Potter và Bảo Bối Tử Thần: Phần 1,"Chúa tể Voldemort cùng đám tay chân của hắn đang âm mưu tấn công Harry Potter khi cậu rời khỏi ngôi nhà của gia đình Dursley lần cuối cùng. Ngay trước khi phép bảo vệ cho Harry tại gia đình Dursley hết hiệu lực vào thời điểm Harry bước qua tuổi 17, người của Hội Phượng hoàng đến để hộ tống cậu tới một nơi ở mới an toàn. Mặc dù đã dùng sáu người nguỵ trang thành Harry, Harry thật vẫn bị Voldemort cùng các Tử thần Thực tử phát hiện ra trên đường đi và bị tấn công...","Phim Phiêu Lưu, Phim Giả Tượng",2010-11-17,7.7,146,David Yates,"Daniel Radcliffe, Emma Watson, Rupert Grint",/6Ia2asQn8uz0oBq3lZLuXQjkOWV.jpg
1124142,The Rivals of Amziah King,The Rivals of Amziah King,"Phim Gây Cấn, Phim Hình Sự, Phim Chính Kịch",2026-08-13,6.78,131,Andrew Patterson,"Matthew McConaughey, Kurt Russell, Angelina LookingGlass",/3iVDCDS1VwHIm95PjWEPwsfdhaf.jpg
165,Trở Về Tương Lai - Phần II,"Phần hai của bộ phim mở đầu với cảnh Marty McFly và tiến sĩ Emmett Brown hành trình tới năm 2015 để ngăn chặn con trai của Marty tham gia một vụ cướp. Cùng đi với họ là Jennifer Parker, bạn gái của Marty. Theo lời của tiến sĩ Brown, con trai cả của Marty, Marty Junior, bị một người bạn cùng lớp là Griff Tannen rủ tham gia một vụ cướp cùng với mấy đàn em của hắn. Griff Tannen là cháu nội của Biff Tannen, người cùng học với bố Marty. Vị tiến sĩ lập dị khẳng định rằng, việc Marty Junior tham gia vụ cướp sẽ dẫn tới sự sụp đổ của toàn bộ gia đình McFly.","Phim Phiêu Lưu, Phim Hài, Phim Khoa Học Viễn Tưởng",1989-11-22,7.784,108,Robert Zemeckis,"Michael J. Fox, Christopher Lloyd, Lea Thompson",/J8YRfVTZreZCYbxr6g5CK5jiDL.jpg
1380417,By Any Means,By Any Means,"Phim Lịch Sử, Phim Hình Sự, Phim Chính Kịch",2026-09-02,7.6,107,Elegance Bratton,"Yahya Abdul-Mateen II, Mark Wahlberg, Nicole Beharie",/f4hdIed8vh10O8TkQ1CkHS8MQ3G.jpg
808,Shrek,"Vương quốc Xa thật xa là nơi các nhân vật cổ tích sinh sống. Shrek, gã chằn xanh đang sống yên bình tại đầm lầy của mình. Bỗng nhiên, khu đầm trở thành nơi ""tị nạn"" của các nhân vật cổ tích đang bị lãnh chúa Farquaad săn đuổi. Để khỏi phải ""chung đụng"" với đám dân ở nhờ ồn ào, Shrek ký giao kèo cùng Farquaad. Gã sẽ đi cứu công chúa Fiona, đang bị giam giữ trong tòa tháp cao vợi, và được rồng canh giữ. Farquaad có được cô dâu trong mộng thì Farquaad phải để các nhân vật cổ tích kia được yên.","Phim Hoạt Hình, Phim Hài, Phim Giả Tượng, Phim Phiêu Lưu, Phim Gia Đình",2001-05-18,7.8,90,"Andrew Adamson, Vicky Jenson","Mike Myers, Eddie Murphy, Cameron Diaz",/iB64vpL3dIObOtMZgX3RqdVdQDc.jpg
280,Kẻ Hủy Diệt 2: Ngày Phán Xét,"Arnold Schwarzenegger một lần nữa trở lại vai diễn đáng nhớ nhất trong sự nghiệp - Robot T-800. 10 năm sau kể từ những sự kiện của phần đầu, những thử thách của Sarah Connor chỉ mới bắt đầu khi phải chống chọi để bảo vệ con trai John của mình khỏi một Kẻ Hủy Diệt mới, được gửi về quá khứ để tiêu diệt John Connor thời còn là một đứa trẻ.","Phim Hành Động, Phim Gây Cấn, Phim Khoa Học Viễn Tưởng",1991-07-03,8.2,137,James Cameron,"Arnold Schwarzenegger, Linda Hamilton, Edward Furlong",/hTNJIoXwU6hQgmOoqc7jfLH1EBj.jpg
1451944,लस्ट स्टोरीज़ ३,लस्ट स्टोरीज़ ३,"Phim Lãng Mạn, Phim Chính Kịch",2026-09-18,6.3,165,"Vikramaditya Motwane, किरण राव, Shakun Batra, Vishal Bhardwaj","Radhika Apte, कोंकणा सेन शर्मा, विजय वर्मा",/1rYl0kaBlxsDNJtkn4msRIidBvM.jpg
920,Vương Quốc Xe Hơi,"McQueen Tia chớp khoác trên mình lớp sơn đỏ rực, rất sung sức, tự mãn và thường trực nụ cười mỉa mai. Lao vun vút trên đường 66 tới California để tranh cúp Piston, cậu đã đâm sầm vào thị trấn Radiator Springs buồn tẻ, phá nát đường đi và suýt bị ngồi tù. Chỉ vài ngày nữa, anh chàng phải tham gia cuộc đua, mong được đại gia Dinoco tài trợ để trở thành ""sao"". Nhờ sáng kiến của cô nàng luật sư Sally - một chiếc Porsche bóng bẩy đời 2002 - McQueen phải đem thân hình công tử ra kéo chiếc xe rải nhựa khổng lồ để làm lại đường. Cậu làm quen với bác sĩ Hudson, một chiếc Hudson Hornet đời 1951 từng là huyền thoại của đường đua Piston. Ngoài ra còn có Mater chiếc xe tải cũ mèm, gỉ sét và vui tính. Từ thị trấn nhỏ bé này, McQueen đã nhận ra nhiều điều ý nghĩa trong cuộc sống.","Phim Hoạt Hình, Phim Phiêu Lưu, Phim Hài, Phim Gia Đình",2006-06-08,7.056,117,John Lasseter,"Owen Wilson, Paul Newman, Bonnie Hunt",/6VIxYR9dYeSgBqoR95fk1jnccRy.jpg
1325734,Cú Sốc,Một cặp đôi đang hạnh phúc chuẩn bị kết hôn bất ngờ bị thử thách khi một biến cố ngoài dự kiến khiến cả tuần lễ cưới của họ rơi vào hỗn loạn.,"Phim Lãng Mạn, Phim Hài, Phim Chính Kịch",2026-04-01,6.896,105,Kristoffer Borgli,"Zendaya, Robert Pattinson, Alana Haim",/2r4p7IXUnbw8JkrsJK2vbhVIE2J.jpg
1284186,Sacrifice,Sacrifice,"Phim Phiêu Lưu, Phim Hài, Phim Hành Động",2026-04-09,5.375,103,Romain Gavras,"Chris Evans, Anya Taylor-Joy, Vincent Cassel",/SGH7mlgfDyGgRCi2At62Ljg3zV.jpg
1339588,Finding Emily,Finding Emily,"Phim Lãng Mạn, Phim Hài",2026-05-21,6.803,111,Alicia MacDonald,"Spike Fearn, Angourie Rice, Cora Kirk",/bfEQ6C702oPsN4kzIiY7n4JsrxF.jpg
87513,Motor City,Motor City,"Phim Hành Động, Phim Gây Cấn, Phim Hình Sự",2026-07-23,6.2,104,Potsy Ponciroli,"Alan Ritchson, Ben Foster, Shailene Woodley",/rKws4iqKhrzWHVLHnwtMnCpEHhF.jpg
8966,Chạng Vạng,"Nội dung Twilight xoay quanh câu chuyện tình giữa một cô gái trẻ và một chàng trai ma cà rồng. Isabella Swan, 17 tuổi, thường gọi là Bella, từ Phoenix chuyển đến thị trấn nhỏ Forks, Washington sinh sống cùng cha Charlie Swan. Sự có mặt của cô ở đây đã làm các học sinh nam điêu đứng.Trong số các chàng trai xếp hàng theo đuổi mình, Bella đặc biệt để ý đến một chàng trai đầy vẻ bí ẩn và ma quái - Edward Cullen.","Phim Giả Tượng, Phim Chính Kịch, Phim Lãng Mạn",2008-11-20,6.273,121,Catherine Hardwicke,"Kristen Stewart, Robert Pattinson, Billy Burke",/tfUvWB5jVJCckS0rAkJT1GwFxSL.jpg
1284046,Lằn Ranh Tử Chiến,"LMột người mẹ sống trong khu nhà xe phải liều mình bảo vệ gia đình khi một mối hiểm họa thoát ra từ căn cứ quân sự bí mật. Khi lực lượng lính đánh thuê kéo đến để phong tỏa mọi thứ, cuộc chiến sinh tồn của cô nhanh chóng biến thành cuộc đối đầu không lối thoát.","Phim Hành Động, Phim Gây Cấn",2026-09-02,5.8,92,Adam Wingard,"Adria Arjona, Dan Stevens, Eric Wareheim",/cOGtvhc6Ij9KvzM6jZsfQyg0B0O.jpg
313369,Những Kẻ Khờ Mộng Mơ,"La La Land là câu chuyện tình yêu tuyệt đẹp thời hiện đại giữa chàng nhạc công piano tài hoa chuyên diễn tại các quán bar Sebastian và cô diễn viên mới nổi xinh đẹp Mia Dolan. Thế nhưng, ở thiên đường điện ảnh Hollywood, tình yêu và sự thành công dường như không thể song hành. Khi thành công và sự nổi tiếng đến, họ sẽ phải đối mặt ra sao ...","Phim Hài, Phim Chính Kịch, Phim Lãng Mạn",2016-12-01,7.895,129,Damien Chazelle,"Ryan Gosling, Emma Stone, John Legend",/gN1VfkONPYb7frEKfpCFTHRMxj3.jpg
1413976,Công Dân Tự Xử,"Sanders, một cựu quân nhân Mỹ và hiện là doanh nhân giàu có sinh sống tại châu Âu, dần mất niềm tin vào hệ thống pháp luật khi chứng kiến nhiều tội phạm nguy hiểm, kẻ hiếp dâm và quan chức tham nhũng liên tục thoát khỏi sự trừng phạt. Quyết định không tiếp tục đứng nhìn, anh che giấu thân phận và trở thành một ""công dân báo thù"", tự mình truy lùng và xử lý những kẻ mà pháp luật không thể hoặc không muốn trừng trị.","Phim Gây Cấn, Phim Hành Động, Phim Hình Sự",2026-06-19,6.5,89,Uwe Boll,"Armie Hammer, Costas Mandylor, Désirée Giorgetti",/6LmJD3Wohe0g4U62wgi7RyJqfE4.jpg
969681,Người Nhện: Khởi Đầu Mới,"Không còn Tony Stark, MJ hay Ned kề cận, Peter buộc phải đơn thân độc mã đối diện với phe đối đầu bí ẩn. Tuy nhiên, khi áp lực ngày càng gia tăng, nó kích hoạt một sự biến đổi thể chất bất ngờ, đe dọa chính sự tồn tại của anh. Đồng thời, một chuỗi tội phạm bí ẩn mới xuất hiện, kéo theo một trong những mối đe dọa mạnh mẽ nhất mà Spider-Man từng đối mặt.","Phim Khoa Học Viễn Tưởng, Phim Hành Động, Phim Phiêu Lưu",2026-07-29,7.9,150,Destin Daniel Cretton,"Tom Holland, Zendaya, Mark Ruffalo",/wqGZVSCUSXE92WH2zyol2REaqT4.jpg
1294189,Cầy mangut,"Một anh hùng chiến tranh bị buộc tội sai và không còn gì để mất đã dẫn cảnh sát vào một cuộc rượt đuổi bằng ô tô xuyên quốc gia trên truyền hình hoành tráng, được các thành viên trong tiểu đoàn Quân đội Lực lượng Đặc biệt cũ của anh ta giúp đỡ và được theo dõi chặt chẽ bởi một cộng đồng mê mẩn tìm kiếm nơi nghỉ ngơi an toàn cho anh ta.","Phim Hành Động, Phim Gây Cấn",2026-10-29,0.0,99,Mark Vanselow,"Liam Neeson, Marisa Tomei, Ving Rhames",/eSS5mvSG84UUuvtbHel5Yu3Wik4.jpg
1084244,Câu Chuyện Đồ Chơi 5,"Khi Bonnie được tặng chiếc máy tính bảng Lilypad và dần mê mẩn món đồ chơi mới, Buzz, Woody, Jessie cùng cả nhóm bỗng đứng trước nguy cơ bị lãng quên. Để giành lại giờ chơi, họ phải đối đầu với “đối thủ” hiện đại nhất từ trước đến nay: một màn hình nhỏ nhưng có sức hút quá lớn.","Phim Hoạt Hình, Phim Gia Đình, Phim Hài, Phim Phiêu Lưu",2026-06-17,8.316,102,Andrew Stanton,"Joan Cusack, Tom Hanks, Tim Allen",/8ZE3s8PN5yRpTidymRWpI0jvs7j.jpg
460458,Resident Evil: Quỷ Dữ Trỗi Dậy,"Resident Evil là một trong những tựa game sinh tồn xác sống ăn khách nhất mọi thời đại. Sau 25 năm và 8 phần game gốc cùng hàng loạt ngoại truyện, tác phẩm ngày càng có đông đảo người hâm mộ. Loạt phim Resident Evil do Paul W.S. Anderson đạo diễn là một thành công về mặt thương mại nhưng bị nhiều fan chỉ trích vì rời quá xa nguyên tác. Do đó mà Sony quyết định tái khởi động thương hiệu với Resident Evil: Welcome to Raccoon City (Resident Evil: Quỷ dữ trỗi dậy) có nội dung lấy từ hai phần game đầu tiên.","Phim Hành Động, Phim Kinh Dị, Phim Khoa Học Viễn Tưởng",2021-11-24,5.93,107,Johannes Roberts,"Kaya Scodelario, Hannah John-Kamen, Robbie Amell",/czCXV0kV5J2vtiSyfcbL4Rv4d31.jpg
1224993,Nữ Tu Bóng Tối,"Hai nữ tu Junia (Song Hye-kyo) và Michaela (Jeon Yeo-been) dùng mọi nỗ lực thực hiện nghi lễ trừ tà để cứu rỗi cậu bé Hee Joon đang bị linh hồn tà ác chiếm giữ. Một cuộc chiến không hồi kết giữa đức tin và quỷ dữ, giữa bí ẩn tâm linh và niềm tin y học.","Phim Kinh Dị, Phim Bí Ẩn, Phim Gây Cấn, Phim Chính Kịch",2025-01-24,6.204,115,권혁재,"송혜교, 전여빈, 이진욱",/g7em8oarfhh0JceTPKICqiBjpnT.jpg
687163,Thoát Khỏi Tận Thế,"Mất trí nhớ và lạc lõng trên một con tàu vũ trụ, một phi hành gia khám phá ra rằng anh là hy vọng duy nhất của nhân loại trước bờ vực tuyệt chủng. Một liên minh bất ngờ được hình thành, nắm giữ vận mệnh của tất cả.","Phim Khoa Học Viễn Tưởng, Phim Phiêu Lưu",2026-03-15,8.6,157,"Phil Lord, Christopher Miller","Ryan Gosling, Sandra Hüller, James Ortiz",/7NzV9SN5ocWzMrdQw9fFDgLYVJC.jpg
1377237,Runner,Runner,"Phim Hành Động, Phim Hài",2026-09-07,7.952,97,Scott Waugh,"Alan Ritchson, Owen Wilson, Rodrigo Santoro",/yBKMAIj7clP42UkFejhGDBBoTpb.jpg
755898,Cuộc Chiến Giữa Các Thế Giới,Will Radford — chuyên gia phân tích an ninh mạng hàng đầu của Bộ An ninh Nội địa — chuyên theo dõi các mối đe dọa đến an ninh quốc gia thông qua một chương trình giám sát diện rộng. Nhưng một cuộc tấn công bất ngờ từ một thực thể bí ẩn đã khiến anh bắt đầu nghi ngờ: phải chăng chính phủ đang che giấu điều gì đó… không chỉ với anh mà với toàn thế giới?,"Phim Khoa Học Viễn Tưởng, Phim Gây Cấn",2025-07-29,4.0,91,Rich Lee,"Ice Cube, Eva Longoria, Clark Gregg",/3e6GQvCA9hguxqfqA75BDvG7Vvp.jpg
1469930,Tumbal Proyek,Tumbal Proyek,"Phim Kinh Dị, Phim Gây Cấn",2026-05-13,3.9,106,Jeropoint,"Callista Arum, Kiesha Alvaro, Karina Suwandi",/wdOa8jWX8u1YNSlWyRvoNCc9y7S.jpg
82976,Les Novices,Les Novices,"Phim Hài, Phim Chính Kịch",1970-04-01,4.8,91,Guy Casaril,"Brigitte Bardot, Annie Girardot, Jacques Duby",/4Ppq2oJPnEqSeyliPG9QbCHUL0q.jpg
299536,Avengers: Cuộc Chiến Vô Cực,"Sau chuyến hành trình độc nhất vô nhị không ngừng mở rộng và phát triển vụ trũ điện ảnh Marvel, bộ phim Avengers: Cuộc Chiến Vô Cực sẽ mang đến màn ảnh trận chiến cuối cùng khốc liệt nhất mọi thời đại. Biệt đội Avengers và các đồng minh siêu anh hùng của họ phải chấp nhận hy sinh tất cả để có thể chống lại kẻ thù hùng mạnh Thanos trước tham vọng hủy diệt toàn bộ vũ trụ của hắn.","Phim Phiêu Lưu, Phim Hành Động, Phim Khoa Học Viễn Tưởng",2018-04-25,8.244,149,"Joe Russo, Anthony Russo","Robert Downey Jr., Chris Evans, Chris Hemsworth",/8gHc1cthgTOkmMiOREodCVZgJ7P.jpg
1323244,Rage of Stars,Rage of Stars,"Phim Hành Động, Phim Khoa Học Viễn Tưởng, Phim Gây Cấn",2026-08-06,6.563,106,Łukasz Róg,"Andrea Tivadar, Jord Knotter, Jack McEvoy",/oLld47ZT1I3iecM3OWhIphohQUJ.jpg
591634,False Positive,False Positive,"Phim Kinh Dị, Phim Bí Ẩn, Phim Gây Cấn",2021-06-18,5.5,93,John Lee,"Ilana Glazer, Justin Theroux, Pierce Brosnan",/3HSov8EW2fI3oQbUJxOvnf684ej.jpg
1275779,Thời Khắc Công Bố,"Nếu một ngày bạn nhận ra rằng chúng ta chưa bao giờ đơn độc, nếu có ai đó đứng trước mặt bạn và chứng minh điều đó là sự thật, liệu việc đó khiến bạn sợ hãi? Mùa Hè 2026, sự thật nằm trong tay của bảy tỷ con người. Chúng ta đang tiến rất gần đến… Thời Khắc Công Bố.","Phim Khoa Học Viễn Tưởng, Phim Gây Cấn",2026-06-10,7.466,146,Steven Spielberg,"Emily Blunt, Josh O'Connor, Colin Firth",/nI4uPl4E3No8674XnyY8zJpceBS.jpg
335984,Tội Phạm Nhân Bản 2049,"Một chàng trai trẻ khám phá ra bí mật khiến xã hội rơi vào cảnh hỗn mang. Anh lên đường đi tìm một người khác đã mất tích cách đây ba mươi năm, để rồi cả hai cùng bước vào hành trình cứu thế giới. 35 năm sau ngày phần đầu tiên ra mắt, Blade Runner trở lại với những gương mặt mới, câu chuyện mới, đầy hứa hẹn vẫn sẽ giữ được cái “chất” khiến thương hiệu này trở thành tác phẩm kinh điển trong lịch sử điện ảnh. Nhà sản xuất vừa tung ra trailer đầu tiên của phim do bộ đôi Ridley Scott - sản xuất và Denis Villeneuve - đạo diễn với vô số tình tiết bất ngờ có thể hứa hẹn đây là sẽ bom tấn đáng để chúng ta ra rạp thưởng thức. Phim được xem là tác phẩm kinh điển của thể loại khoa học viễn tưởng.","Phim Khoa Học Viễn Tưởng, Phim Chính Kịch",2017-10-04,7.608,164,Denis Villeneuve,"Ryan Gosling, Harrison Ford, Ana de Armas",/gK8fMij79A3k3JiryGKYYHq7hb8.jpg
276488,Let Us Prey,Let Us Prey,"Phim Gây Cấn, Phim Kinh Dị",2014-04-17,5.7,92,Brian O'Malley,"Liam Cunningham, Niall Greig Fulton, Pollyanna McIntosh",/7X5VhHwDaSLkrDoifRbfvGZJxFP.jpg
83533,Avatar: Lửa và Tro Tàn,"Sau cuộc chiến tàn khốc với RDA và nỗi mất mát to lớn khi đứa con trai cả hy sinh, Jake Sully và Neytiri phải đối mặt với một mối đe dọa mới trên Pandora: tộc Tro Tàn — một nhóm Na'vi hung bạo và khát khao quyền lực, do thủ lĩnh tàn nhẫn Varang dẫn dắt. Gia đình Jake buộc phải chiến đấu để sinh tồn và bảo vệ tương lai của Pandora, trong một cuộc xung đột đẩy họ đến giới hạn cuối cùng cả về thể xác lẫn tinh thần.","Phim Khoa Học Viễn Tưởng, Phim Phiêu Lưu, Phim Giả Tượng",2025-12-17,7.64,198,James Cameron,"Sam Worthington, Zoe Saldaña, Sigourney Weaver",/w6DBmG260sCHBQdGzkBIVn9gAQZ.jpg
1003596,Avengers: Ngày Tận Thế,"Avengers: Doomsday theo chân những người hùng được yêu mến đến từ ba vũ trụ khác nhau, khi họ bị cuốn vào một hành trình va chạm sinh tử và phải đối mặt với một mối đe dọa mang tính sống còn chưa từng có trong lịch sử.","Phim Khoa Học Viễn Tưởng, Phim Hành Động, Phim Phiêu Lưu",2026-12-15,0.0,165,"Joe Russo, Anthony Russo","Robert Downey Jr., Chris Evans, Chris Hemsworth",/2NRUUSow5XBcmFXJta7W5JrfWk7.jpg
1084242,Phi Vụ Động Trời 2,"Trong bộ phim ""Zootopia 2 - Phi Vụ Động Trời 2"" từ Walt Disney Animation Studios, hai thám tử Judy Hopps (lồng tiếng bởi Ginnifer Goodwin) và Nick Wilde (lồng tiếng bởi Jason Bateman) bước vào hành trình truy tìm một sinh vật bò sát bí ẩn vừa xuất hiện tại Zootopia và khiến cả vương quốc động vật bị đảo lộn. Để phá được vụ án, Judy và Nick buộc phải hoạt động bí mật tại những khu vực mới lạ của thành phố – nơi mối quan hệ đồng nghiệp của họ bị thử thách hơn bao giờ hết.","Phim Hoạt Hình, Phim Phiêu Lưu, Phim Hài, Phim Bí Ẩn, Phim Gia Đình",2025-11-26,7.671,108,"Jared Bush, Byron Howard","Ginnifer Goodwin, Jason Bateman, Quan Kế Huy",/5wXpOF9WPUKliIzNBdAqwAStLHU.jpg
980431,Huyền Thoại Aang: Tiết Khí Sư Cuối Cùng,"Bộ phim tập trung vào giai đoạn hậu chiến tranh, khi thế giới đang trong quá trình tái thiết và đối mặt với những mối đe dọa mới tinh vi hơn từ các tàn dư chính trị. Aang phải gánh vác trọng trách duy trì sự cân bằng giữa bốn quốc gia, đồng thời đối diện với những áp lực của một Thế Thần trưởng thành. Phim hứa hẹn sẽ khai thác sâu hơn về sức mạnh của Aang ở thời kỳ đỉnh cao và mối quan hệ bền chặt của nhóm bạn sau nhiều năm gắn bó.","Phim Hoạt Hình, Phim Phiêu Lưu, Phim Giả Tượng, Phim Hành Động",2026-07-24,9.144,99,Lauren Montgomery,"Eric Nam, Dave Bautista, Jessica Matten",/gf7EeEQe22Zu1u55wRT8EAnav93.jpg
1228710,Star Wars: Mandalorian và Grogu,"Đế Chế tàn bạo đã sụp đổ, nhưng những lãnh chúa chiến tranh của phe Đế Chế vẫn còn rải rác khắp thiên hà. Khi Nền Cộng hòa Mới nỗ lực bảo vệ những gì Quân Nổi Loạn đã chiến đấu để giành lấy, họ đã nhờ đến sự trợ giúp của thợ săn tiền thưởng Mandalorian - huyền thoại Din Djarin và cậu bé học việc Grogu.","Phim Hành Động, Phim Phiêu Lưu, Phim Khoa Học Viễn Tưởng",2026-05-20,7.464,132,Jon Favreau,"Pedro Pascal, Jeremy Allen White, Sigourney Weaver",/554NefDjiPZ4ssHyWl3LiqlQZBT.jpg
1599993,Animales,Animales,"Phim Hài, Phim Gây Cấn",2026-02-05,6.3,0,José Ramón Alama,"Nashla Bogaert, Frank Perozo, Pamela Sued",/9fbZdiOI9fRinl44mNm3CYgEtYR.jpg
1481603,Hold the Fort,Hold the Fort,"Phim Kinh Dị, Phim Hài",2025-07-16,6.321,74,William Bagley,"Chris Mayers, Haley Leary, Julian Smith",/fnq6itOtvCXRBjwuq96hkYu0pCX.jpg
157336,Hố Đen Tử Thần,"Interstellar nói về chuyến hành trình đi tìm một hành tinh mới cho loài người trú ngụ khi mà Trái Đất dần dần không còn là nơi an toàn và sự sống thì đang chết dần với những dịch bệnh trên các loại cây lương thực, đe dọa đến sự tồn tại của loài người một cách mạnh mẽ. Chúng ta sẽ đi theo hành trình của phi hành đoàn gồm Copper, Amelia cùng các thành viên khác trong việc giải cứu các phi hành gia khác đã lên đường khám phá các hành tinh mới để tìm ra hành tinh mới cho loài người trú ngụ","Phim Phiêu Lưu, Phim Chính Kịch, Phim Khoa Học Viễn Tưởng",2014-11-05,8.5,169,Christopher Nolan,"Matthew McConaughey, Anne Hathaway, Michael Caine",/if4TI9LbqNIrzkoOgWjX5PZYDYe.jpg
24428,Avengers: Biệt Đội Siêu Anh Hùng,"The Avengers là bộ phim giả tưởng kể về một nhóm siêu anh hùng với những khả năng đặc biệt, họ bao gồm: Người Sắt, Thor, Đội trưởng Mỹ, và Người Khổng Lồ Xanh Hulk cùng tham gia với tổ chức bảo vệ thế giới SHIELD. Mục đích của SHIELD là nhằm bảo vệ Trái Đất khỏi âm mưu hủy hoại của những thế lực xấu từ ngoài địa cầu mà kẻ cầm đầu là Loki.","Phim Khoa Học Viễn Tưởng, Phim Hành Động, Phim Phiêu Lưu",2012-04-25,8.078,143,Joss Whedon,"Robert Downey Jr., Chris Evans, Mark Ruffalo",/rX46P5ZwcHOvrkhtYDYhnNf46Bo.jpg
45722,No mires para abajo,No mires para abajo,"Phim Chính Kịch, Phim Lãng Mạn",2008-10-18,5.7,80,Eliseo Subiela,"Leandro Stivelman, Antonella Costa, Hugo Arana",/97FUF1MbKpW0ZwwhnDbeoI2cPB4.jpg
233651,セックス・ライダー　濡れたハイウェイ,セックス・ライダー　濡れたハイウェイ,Phim Gây Cấn,1971-12-29,5.0,68,蔵原惟二,"田中真理, 吉澤健, Yuki Seto",/gJNafT1asDVLV943q00mU0WpDl.jpg
1193824,Rabbit Trap,Rabbit Trap,"Phim Gây Cấn, Phim Giả Tượng, Phim Kinh Dị, Phim Bí Ẩn, Phim Chính Kịch",2025-09-12,5.8,88,Bryn Chainey,"Dev Patel, Rosy McEwen, Jade Croot",/sKnwnnmBpjo9BEskHtja6ToXUV1.jpg
1081003,Supergirl - Siêu Nữ,"Khi một kẻ thù tàn nhẫn và không ngờ tới ra tay quá gần với những gì cô trân quý, Kara Zor-El, còn được biết đến với cái tên Supergirl, miễn cưỡng hợp tác với một người đồng hành không ai ngờ tới, bước vào hành trình liên thiên hà đầy sử thi để tìm kiếm sự trả thù và công lý.","Phim Hành Động, Phim Phiêu Lưu, Phim Khoa Học Viễn Tưởng",2026-06-24,6.668,108,Craig Gillespie,"Milly Alcock, Eve Ridley, Matthias Schoenaerts",/duXkWKOLS7hHAddyjBwk35YY6U.jpg
1285366,愛のぬくもり,愛のぬくもり,Phim Lãng Mạn,2024-07-06,5.7,91,今岡信治,"小出恵介, 風吹ケイ, 新藤まなみ",/3r0O6BW9USoZ9mteCVyNKMQriRL.jpg
1560520,Batman: Knightfall Part 1: Knightfall,Batman: Knightfall Part 1: Knightfall,"Phim Hoạt Hình, Phim Hành Động, Phim Phiêu Lưu, Phim Chính Kịch",2026-06-23,9.16,79,Jeff Wamester,"Anson Mount, Michael Mando, Pablo Schreiber",/360qdtu2hLnqMu8SVHMywn420w1.jpg
475557,Joker: Gã Hề,"Joker từ lâu đã là siêu ác nhân huyền thoại của điện ảnh thế giới. Nhưng có bao giờ bạn tự hỏi, Joker đến từ đâu và điều gì đã biến Joker trở thành biểu tượng tội lỗi của thành phố Gotham? JOKER sẽ là cái nhìn độc đáo về tên ác nhân khét tiếng của Vũ trụ DC – một câu chuyện gốc thấm nhuần, nhưng tách biệt rõ ràng với những truyền thuyết quen thuộc xoay quanh nhân vật mang đầy tính biểu tượng này. Bộ phim đã xuất sắc giành giải thưởng Sư Tử Vàng- Phim Hay Nhất tại LHP Venice lần thứ 76, cùng tràng pháo tay dài 8 phút, và lời khen ngợi dành cho diễn xuất của tài tử Joaquin Phoenix. Một bộ phim không thể bỏ lỡ của tháng 10 năm nay.","Phim Hình Sự, Phim Gây Cấn, Phim Chính Kịch",2019-10-01,8.116,120,Todd Phillips,"Joaquin Phoenix, Robert De Niro, Zazie Beetz",/7DIrtrRgZWWO8jXklLXkkivqpBG.jpg
238,Bố Già,"Một câu chuyện kéo dài từ năm 1945 đến năm 1955, một biên niên sử về gia đình tội phạm Corleone người Mỹ gốc Ý. Khi tộc trưởng gia đình tội phạm có tổ chức, Vito Corleone bị ám sát bởi băng nhóm đối thủ, con trai út của ông, Michael đã phải nhúng tay vào tội ác và chống lại đối thủ với việc phát động một chiến dịch trả thù đẫm máu.","Phim Chính Kịch, Phim Hình Sự",1972-03-14,8.688,175,Francis Ford Coppola,"Marlon Brando, Al Pacino, James Caan",/84MHN3JvOV4ORHgELrQM6SBlhdB.jpg
1311031,Thanh Gươm Diệt Quỷ: Vô Hạn Thành,"Khi các thành viên của Sát Quỷ Đoàn và Trụ Cột tham gia vào chương trình đặc huấn để chuẩn bị cho trận chiến sắp với lũ quỷ, Kibutsuji Muzan xuất hiện tại Dinh thự Ubuyashiki. Khi thủ lĩnh của Sát Quỷ Đoàn gặp nguy hiểm, Tanjiro và các Trụ Cột trở về trụ sở Thế nhưng, Muzan bất ngờ kéo toàn bộ Sát Quỷ Đoàn đến hang ổ cuối cùng của lũ quỷ là Vô Hạn Thành, mở màn cho trận đánh cuối cùng của cả hai phe.","Phim Hoạt Hình, Phim Hành Động, Phim Giả Tượng",2025-07-18,8.797,155,外崎春雄,"Hanae Natsuki, 櫻井孝宏, 石田彰",/nV99ACeAa8fFFso0tQZ3HktEf5X.jpg
155,Kỵ Sĩ Bóng Đêm,"Người Dơi bước vào giai đoạn cam go nhất trong cuộc chiến chống lại cái ác khi tên tội phạm bậc thầy The Joker xuất hiện. Các tay trùm thuê The Joker giết Người Dơi để trả thù cho chỗ tài sản phi pháp bị anh lật tẩy. Tiếp tay cho The Joker là toàn bộ tội phạm ở thành phố Gotham, những kẻ đang bị bộ ba Người Dơi - Trung úy Gordon - Luật sư Harvey Dent thu hẹp đất sống. Hàng loạt vụ tấn công xảy ra khiến Người Dơi lúng túng. Các quan chức bị sát hại, người dân không dám ra đường buổi tối vì sợ bị giết, mọi lối ra vào thành phố Gotham bị phong tỏa. Tất cả đều do một tay The Joker sắp đặt.","Phim Hành Động, Phim Gây Cấn, Phim Hình Sự",2008-07-16,8.536,152,Christopher Nolan,"Christian Bale, Heath Ledger, Aaron Eckhart",/7EfSqviKvXwbiGhUjHyUBGVdoiW.jpg
634649,Người Nhện: Không Còn Nhà,"Peter Parker đã bị lộ mặt và không còn có thể tách biệt cuộc sống bình thường của mình với những yêu cầu cao của việc trở thành một Siêu anh hùng. Khi anh ta yêu cầu sự giúp đỡ từ Doctor Strange, mọi thứ càng trở nên nguy hiểm hơn, buộc anh ta phải khám phá ra ý nghĩa thực sự của việc trở thành Người Nhện.","Phim Hành Động, Phim Phiêu Lưu, Phim Khoa Học Viễn Tưởng",2021-12-15,7.9,148,Jon Watts,"Tom Holland, Zendaya, Benedict Cumberbatch",/y4SQ2dJ1y2LBUnxTH7hCe8sr29c.jpg
533535,Deadpool và Wolverine,"Wade Wilson, chán nản, đang cố gắng sống cuộc đời bình thường sau những ngày làm lính đánh thuê không mấy lương thiện, Deadpool. Nhưng khi quê hương của anh đứng trước nguy cơ diệt vong, Wade buộc phải khoác lại bộ đồ một lần nữa, cùng với một Wolverine còn miễn cưỡng hơn.","Phim Hành Động, Phim Hài, Phim Khoa Học Viễn Tưởng",2024-07-24,7.588,128,Shawn Levy,"Ryan Reynolds, Hugh Jackman, Emma Corrin",/lfY2CfmxyN9OvxmFuap6aejViJn.jpg
1408162,விஸ்வநாத் & சன்ஸ்,விஸ்வநாத் & சன்ஸ்,"Phim Chính Kịch, Phim Lãng Mạn, Phim Hài",2026-08-14,7.3,161,Venky Atluri,"சூர்யா, Mamitha Baiju, ராதிகா",/f5yXF2vBOxZcPxvw1P7kXXqOVFV.jpg
150540,Những Mảnh Ghép Cảm Xúc,"Phim Inside Out là bộ phim dài thứ 15 của Disney và Pixar kể về cô bé tuổi teen bình thường Riley. Như bao bạn bè đồng trang lứa khác, bước vào tuổi dậy thì là một quá trình gian nan với Riley, và cô bé còn bị thử thách bởi một biến cố bất ngờ khi buộc phải chia tay bạn bè, và cuộc sống hiện tại để cùng bố mẹ đến sống tại một thành phố hoàn toàn xa lạ.  Cũng như tất cả chúng ta, Riley chịu sự điều khiển của cảm xúc bên trong tâm trí mình, và với Inside Out, những cảm xúc đó đã được nhân cách hóa thành những nhân vật trên màn ảnh, đó là: Joy (Vui vẻ), Fear (Sợ sệt), Anger (Giận dữ), Sadness (Buồn bã) và Disgust (Chán ghét).","Phim Hoạt Hình, Phim Gia Đình, Phim Phiêu Lưu, Phim Chính Kịch, Phim Hài",2015-06-17,7.905,95,Pete Docter,"Amy Poehler, Phyllis Smith, Richard Kind",/iSPYSsRnDVyLyWhoGOQA5V4vux4.jpg
1184918,Robot Hoang Dã,"Sau một vụ đắm tàu, robot thông minh tên Roz bị mắc kẹt trên một hòn đảo hoang. Để sống sót trong môi trường khắc nghiệt, Roz gắn kết với các loài động vật trên đảo và chăm sóc một chú ngỗng con mồ côi.","Phim Gia Đình, Phim Hoạt Hình, Phim Khoa Học Viễn Tưởng, Phim Phiêu Lưu",2024-09-12,8.31,102,Chris Sanders,"Lupita Nyong'o, Pedro Pascal, Kit Connor",/fj1ywGV5k8D0qjXyVeEgNyksChq.jpg
1212763,Ma Cây: Lửa Địa Ngục,Ma Cây: Lửa Địa Ngục,Phim Kinh Dị,2026-07-07,7.667,110,Sébastien Vaniček,"Souheila Yacoub, Tandi Wright, Hunter Doohan",/yAtHcEJdoIjV2BJUvZz89A88pAB.jpg
1280738,Cơn Thịnh Nộ,Cơn Thịnh Nộ,"Phim Hành Động, Phim Hình Sự, Phim Gây Cấn",2026-06-10,8.193,113,谷垣健治,"Tạ Miêu, Joe Taslim, 杨恩又",/pomewNtFVHcox6UIOaNLQLHTaae.jpg
20352,Kẻ Trộm Mặt Trăng,"Nhân vật tâm điểm của bộ phim là Gru, một tên tội phạm khét tiếng. Gru và đám tay chân robot tí hon chuyên đi đánh cắp những biểu tượng nổi tiếng của thế giới. Thế nhưng tiếng xấu của Gru bị suy giảm khi tên tội phạm trẻ tuổi Vector đã ăn cắp kim tự tháp của Ai Cập. Gru quyết định làm phi vụ có một không hai cho thế giới phải bái phục: ăn cắp mặt trăng. Trước tiên, Gru phải đánh cắp khẩu súng có khả năng thu nhỏ mọi vật từ quân đội. Nhưng Vector đã nẫng tay trên khẩu súng thần kỳ từ Gru. Mọi kế hoạch giành lại cây súng của Gru đều bị Vector đánh bại. Cuối cùng, Gru nghĩ ra cách dùng ba đứa trẻ của viện mồ côi xâm nhập sào huyệt của Vector. Thế nhưng ba đứa trẻ Margo, Edith, Agnes đã cảm hóa Gru bằng sự ngây thơ, hướng thiện của mình.","Phim Hoạt Hình, Phim Hài, Phim Hình Sự, Phim Khoa Học Viễn Tưởng, Phim Gia Đình",2010-07-08,7.262,95,"Pierre Coffin, Chris Renaud","Steve Carell, Jason Segel, Russell Brand",/txfb1LyIEGJ69wTPJUiyufZVN4A.jpg
1405742,Portal to Hell,Portal to Hell,"Phim Hài, Phim Kinh Dị",2025-02-22,6.2,93,Woody Bess,"Trey Holland, Keith David, Richard Kind",/xuXCPJZjmP2FuGG3U16sI1TYEdR.jpg
675871,Đồn Cảnh Sát Nhí Nhố 3,Đồn Cảnh Sát Nhí Nhố 3,"Phim Hài, Phim Hình Sự, Phim Bí Ẩn",2026-08-06,6.7,104,Jay Chandrasekhar,"Jay Chandrasekhar, Kevin Heffernan, Steve Lemme",/ecTxAyfx4fdTMy2N288oZMMn3Ey.jpg
122,Chúa Tể Của Những Chiếc Nhẫn: Sự Trở Lại Của Nhà Vua,"Sauron huy động toàn lực cho trận chiến khốc liệt cuối cùng, tấn công vào Gondor – vùng đất huyết mạch của loài người. Gondor dưới sự lãnh đạo của vị vua nhu nhược trở nên quá mong manh và nguy ngập. Đó chính là lúc những người anh hùng phát huy hết khả năng của mình. Cùng với sự hỗ trợ của các chiến binh Rohan, lực lượng những hồn ma bị nguyền rủa trong khe núi, Aragorn đã thống lĩnh những người Gondor chống lại Sauron, anh đã thực hiện sứ mệnh mà số phận giao phó cho mình, Aragorn sinh ra để trở thành Vua của Gondor, anh đã chứng minh điều đó. Cùng lúc đó, Frodo và Sam tiếp tục dấn sâu vào vùng đất ma quỷ đầy hiểm nguy để thực thi sứ mạng của mình, sứ mạng tiêu hủy Chiếc Nhẫn Quyền Lực. Có thể nói Sự Trở Lại Của Nhà Vua Phim là phần có nội dung hấp dẫn cùng những màn chiến đấu cực hay, cực kỳ hoành tráng.","Phim Phiêu Lưu, Phim Giả Tượng, Phim Hành Động",2003-12-17,8.506,201,Peter Jackson,"Elijah Wood, Ian McKellen, Viggo Mortensen",/3Y6eymGHCfQkDKU6rev2WiqXMci.jpg
27205,Kẻ Cắp Giấc Mơ,Cobb đánh cắp thông tin từ các mục tiêu của mình bằng cách đi vào giấc mơ của họ. Saito đề nghị xóa sạch tiền án của Cobb như một khoản thanh toán cho việc thực hiện hành vi đầu tiên đối với con trai của đối thủ cạnh tranh ốm yếu của mình.,"Phim Hành Động, Phim Khoa Học Viễn Tưởng, Phim Phiêu Lưu",2010-07-15,8.373,148,Christopher Nolan,"Leonardo DiCaprio, Joseph Gordon-Levitt, Watanabe Ken",/eBtqGWtR5KUiNl6OXHLR3ri6nVm.jpg
131631,Đấu Trường Sinh Tử: Húng Nhại - Phần 1,"Trong phần này, Katniss Everdeen trở thành biểu tượng của cuộc nổi loạn chống lại chính quyền độc tài Capitol...  Đã thoát khỏi âm mưu của thế lực cầm quyền Panem vào cuối phần trước, Katniss Everdeen trở thành biểu tượng cho phong trào chống lại sự cai trị tàn bạo của Capitol và cùng lực lượng kháng chiến tập trung tại Quận 13. Trong khi đó, sang phần này nhân vật Tổng thống Snow đã thay thế Alma Coin trở thành nhân vật phản diện chính của câu chuyện. Sau khi bắt được người bạn chiến đấu Peeta Mellark của Katniss, Snow đã dùng mọi cách từ chiêu dụ đến đe dọa và tra tấn tinh thần để bắt Peeta và những người khác phải khai ra thông tin và phản bội Katniss. Đồng thời, ông ta vẫn tiếp tục xuất hiện trên các phương tiện truyền thông của Panem để khẳng định sức mạnh thống trị của Capitol lên 12 Quận trực thuộc, kết tội sự chống đối của Katniss và Quận 13 là hành động phản bội vô nghĩa.","Phim Khoa Học Viễn Tưởng, Phim Phiêu Lưu, Phim Gây Cấn",2014-11-19,6.8,123,Francis Lawrence,"Jennifer Lawrence, Josh Hutcherson, Liam Hemsworth",/c1bjJpQkNr7EzEwSBjif0S1mOgK.jpg
977942,Tro Tàn Vùng Lên,"Giữa nước Anh thế kỷ 14 bị dịch bệnh tàn phá, một người nông dân nghèo vô tình châm ngòi cho làn sóng phản kháng chống lại Vua Richard II. Từ một kẻ vô danh dưới đáy xã hội, ông trở thành huyền thoại của những con người không còn gì để mất.","Phim Hành Động, Phim Lịch Sử, Phim Chính Kịch",2026-09-10,7.2,128,Paul Greengrass,"Andrew Garfield, Jamie Bell, Stephen Dillane",/7TUl15TOsIvndKlgMWTtLgtEzZP.jpg
244786,Khát Vọng Nhịp Điệu,"Trong “Whiplash”, Miles Teller vào vai Andrew Neyman, một tay trống nhạc jazz trẻ khá tham vọng và quyết tâm theo đuổi đỉnh cao trong sự nghiệp âm nhạc bên bờ biển miền Đông nước Mỹ. Ám ảnh bởi sự nghiệp viết nhạc thất bại của người cha, Andrew ngày đêm nung nấu trở thành một nhạc công vĩ đại. Nhân vật thứ hai, Terence Fletcher (Simmons) là một huấn luyện viên nổi danh nhờ tài năng giảng dạy nhưng cũng khét tiếng bởi các phương pháp khắc nghiệt của ông, chuyên dẫn dắt các tài năng nhạc jazz hàng đầu trong trường nhạc. Fletcher phát hiện ra Andrew và mang tay trống về ban nhạc riêng của mình, thay đổi mãi mãi cuộc đời của chàng trai trẻ. Đam mê vươn tới sự hoàn hảo khiến Andrew rơi vào vòng xoáy của sự ám ảnh, bởi ông thầy tàn nhẫn ...","Phim Chính Kịch, Phim Nhạc, Phim Gây Cấn",2014-10-10,8.376,107,Damien Chazelle,"Miles Teller, J.K. Simmons, Paul Reiser",/7fn624j5lj3xTme2SgiLCeuedmO.jpg
101299,Đấu Trường Sinh Tử: Bắt Lửa,"Đấu Trường Sinh Tử: Bắt Lửa là tập phim thứ hai trong loạt phim với những sự kiện nối tiếp các diễn biến trong phần một. Chiến thắng Katniss Everdeen và Peeta Mellark tại Đấu trường sinh tử lần 74 thổi bùng lên cuộc nổi loạn tại các quận của Panem. Điều đó khiến họ trở thành mục tiêu săn đuổi của Capitol. Phim lấy bối cảnh tương lai không xa khi Bắc Mỹ bị đe dọa bởi hạn hán, hỏa hoạn, đói kém và đặt ra giả thuyết khi đó chiến tranh được thay thế bằng một trò chơi săn người. Mỗi năm, các quận cử ra đại diện tham dự cuộc đấu một mất một còn để làm trò giải khuây cho các thế lực giàu có. Trò chơi khát máu này được xây dựng như một show truyền hình thực tế truyền đi khắp nơi.","Phim Phiêu Lưu, Phim Hành Động, Phim Khoa Học Viễn Tưởng",2013-11-15,7.424,146,Francis Lawrence,"Jennifer Lawrence, Josh Hutcherson, Liam Hemsworth",/x2LjrOo76gA1HWd4NlSd9nOeB1t.jpg
822653,劇場版 魔法少女まどか☆マギカ〈ワルプルギスの廻天〉,劇場版 魔法少女まどか☆マギカ〈ワルプルギスの廻天〉,"Phim Hoạt Hình, Phim Chính Kịch, Phim Bí Ẩn, Phim Giả Tượng",2026-08-28,9.0,120,"宮本幸裕, 新房昭之","悠木碧, 斎藤千和, 水橋かおり",/tc7wW6whJSvxM9f5RdqmQVpdl6n.jpg
1564614,Leviticus: Bóng Quỷ,2 chàng trai tuổi teen phải tìm cách trốn thoát khỏi một thực thể bạo tàn có thể mang hình hài của người mà họ khao khát nhất — chính là nhau.,"Phim Kinh Dị, Phim Lãng Mạn",2026-06-17,6.8,88,Adrian Chiarella,"Joe Bird, Stacy Clausen, Mia Wasikowska",/r30blmL8bB7WFzdAcXu7gJMUYk8.jpg
1279493,The Get Out,The Get Out,"Phim Hành Động, Phim Gây Cấn",2026-06-18,6.0,111,Derrick Borte,"Russell Crowe, Luke Evans, Teresa Palmer",/55DIb4KFbP1sxthytmWbVESs8Hg.jpg
131634,Đấu Trường Sinh Tử: Húng Nhại - Phần 2,"Sau khi được tôn vinh như “Húng Nhại” - biểu tượng cho niềm hy vọng và khát khao tự do, Katniss cùng những người dân ở Quận 13 quyết tâm đứng lên thực hiện cuộc khởi nghĩa nhằm vào Capitol. Cách duy nhất để dành phần thắng chính là trừ khử tổng thống Snow - kẻ chủ mưu đứng đằng sau tất cả những nỗi đau thương mà Panem phải chịu đựng suốt hơn 70 năm qua. Luôn đi trước một bước, mọi thứ với Snow dường như luôn nằm trong dự định, đặc biệt là khi âm mưu của lão được vén màn: Capitol chính là Đấu Trường Sinh Tử lần thứ 76. Một lần nữa, Katniss cùng nhóm của mình bất đắc dĩ sẽ phải tham gia vào trò chơi man rợ này để chấm dứt tất cả.","Phim Hành Động, Phim Phiêu Lưu, Phim Khoa Học Viễn Tưởng",2015-11-18,6.897,137,Francis Lawrence,"Jennifer Lawrence, Josh Hutcherson, Liam Hemsworth",/40cJNkFU3wGIj8P2rfeJOMYFhHQ.jpg
1244492,Look Back: Liệu Ta Có Dám Nhìn Lại?,Đây là anime được chuyển thể từ one-shot nổi tiếng của tác giả Chainsaw Man - Tatsuki Fujimoto.,"Phim Hoạt Hình, Phim Chính Kịch",2024-06-28,8.2,62,押山清高,"Kawai Yumi, 吉田美月喜, 斉藤陽一郎",/rgalULTP8ksPrcZbC0SxG5N81zT.jpg
695721,Đấu Trường Sinh Tử: Khúc Hát Của Chim Ca & Rắn Độc,"Phần tiền truyện này theo chân Coriolanus Snow (Tom Blyth thủ vai) trẻ tuổi, chính là vị Tổng thống Snow sau này. Hiệu trưởng Casca Highbottom (do Peter Dinklage thủ vai) triệu tập tất cả mọi người cho Lễ chiêu quân lần thứ 10, và chuẩn bị lựa chọn vật tế từ 12 quận. Lúc này, Coriolanus Snow được chỉ định trở thành cố vấn cho trò chơi với vai trò là trợ giúp vật tế trong đấu trường và là cố vấn của Lucy Gray Baird (Rachel Zegler thủ vai).  Phần phim này sẽ hé lộ quá khứ của Tổng thống Snow thời trẻ, những sự kiện nguồn cơn dẫn Snow đến con đường trở thành thủ lĩnh độc tài của Panem thay vì là chàng thiếu niên lương thiện. Đến cuối cùng, khán giả mới có thể được biết ai sẽ là chim ca, hót lên một khúc hát của kẻ chiến thắng và ai là rắn độc thật sự.","Phim Khoa Học Viễn Tưởng, Phim Hành Động",2023-11-15,7.0,157,Francis Lawrence,"Tom Blyth, Rachel Zegler, Peter Dinklage",/3I8he6xhfPW4yWQRVJOuREWSJzA.jpg
1417,Mê Cung Thần Nông,"Câu chuyện diễn ra ở Tây Ban Nha vào mùa hè năm 1944, năm năm sau Nội chiến Tây Ban Nha, trong thời kỳ đầu của Pháp. Câu chuyện kể đan xen thế giới thực này với một thế giới thần thoại tập trung vào một mê cung bị bỏ hoang, bị bỏ rơi và một sinh vật huyền bí, người mà nhân vật chính, Ofelia, tương tác. Cha dượng của Ofelia, Thuyền trưởng Falangist Vidal, săn lùng Ma giáo Tây Ban Nha, người chiến đấu chống lại chế độ Pháp giáo trong khu vực, trong khi bà mẹ mang thai của Ofelia, Carmen ngày càng ốm yếu. Ofelia gặp một số sinh vật kỳ lạ và ma thuật trở thành trung tâm trong câu chuyện của cô, dẫn dắt cô vượt qua những thử thách của khu vườn mê cung cũ.","Phim Giả Tượng, Phim Chính Kịch, Phim Chiến Tranh",2006-10-11,7.769,118,Guillermo del Toro,"Ivana Baquero, Sergi López, Maribel Verdú",/qx0ROTFkMSbnR6g0zGDRE4cGuWY.jpg
1400837,Người Mẹ Khác,"Một cô bé cùng gia đình và ngôi nhà của mình bị ám bởi một thực thể tà ác, kẻ quyết tâm chiếm lấy thân xác cô để trú ngụ vĩnh viễn. Nhưng trước hết, nó cần thuyết phục cô bé tự nguyện mở cửa — và cho phép nó bước vào.",Phim Kinh Dị,2026-10-07,0.0,93,Rob Savage,"Jessica Chastain, Arabella Olivia Clark, Jay Duplass",/nZYi7HeXJVfJmZ0kprb1cJBHN2g.jpg
18239,Chạng Vạng: Trăng Non,"Trong The Twilight Saga: New Moon, chương thứ hai trong series thành công ngoài mong đợi và là hội chứng văn hóa toàn cầu của Stephenie Meyer, mối tình lãng mạn giữa người và ma cà rồng được nâng lên một tầm cao mới khi Bella Swan (Kristen Stewart) thử thách định mệnh của mình chỉ để chớp lấy một khoảnh khắc ngắn ngủi được nhìn thấy người yêu Edward Cullen (Robert Pattinson). Khi cô tiến thẳng đến tận cùng bí mật của thế giới siêu nhiên mà cô hằng mong ước sẽ được trở thành một phần của nó, cô khám phá ra hai bí mật cổ đại có khả năng đe dọa cuộc sống của mình lớn nhất từ trước đến nay. Ngay sau sinh nhật lần thứ 18 của Bella, Edward quyết định rời bỏ cô để bảo vệ cô khỏi nguy hiểm.","Phim Phiêu Lưu, Phim Giả Tượng, Phim Chính Kịch, Phim Lãng Mạn",2009-11-18,6.0,138,Chris Weitz,"Kristen Stewart, Robert Pattinson, Taylor Lautner",/1eDlOEEvPxxf9NFox8FZkjezJBl.jpg
1400940,Clayface,"Bộ phim theo chân hành trình sa ngã kinh hoàng của một diễn viên triển vọng ở Hollywood khi anh dần biến thành một quái vật bị thôi thúc bởi lòng thù hận, qua đó phơi bày sự đánh mất bản ngã và nhân tính, những tàn phá của tình yêu độc hại và mặt tối của tham vọng khoa học.","Phim Kinh Dị, Phim Gây Cấn, Phim Khoa Học Viễn Tưởng",2026-10-21,0.0,108,James Watkins,"Tom Rhys Harries, Naomi Ackie, Eddie Marsan",/vyQJ8ER4DYKVrCeraQ1VGQf7Olt.jpg
1305781,Tiêu Nhân: Phong Khởi Đại Mạc,"Trên sa mạc mênh mông, tiêu sư, quan phủ cùng năm đại gia tộc Tây Vực đan xen lợi ích, âm thầm tranh đấu. Đao Mã – kẻ bị truy nã hạng hai thiên hạ – nhận một nhiệm vụ áp tiêu đặc biệt, cùng đồng đội hộ tống một người từ Tây Vực đến Trường An. Không ngờ, người họ bảo vệ lại chính là Tri Thế Lang – kẻ bị truy nã số một thiên hạ. Vì lợi ích riêng, các thế lực liên tiếp nhập cuộc, kéo theo những trận tranh đoạt tiêu hàng và chém giết không ngừng.","Phim Hành Động, Phim Phiêu Lưu",2026-02-17,8.192,126,袁和平,"Ngô Kinh, Tạ Đình Phong, 陈丽君",/qt0pUOaIj6RRGP0v885q29sJWpl.jpg
1153576,Phim Street Fighter,"Lấy bối cảnh năm 1993, Ryu và Ken, hai đấu sĩ từng xa cách bị kéo trở lại chiến đấu khi Chun-Li chiêu mộ họ tham gia giải Chiến Binh Thế Giới đầy khốc liệt. Nhưng đằng sau đó là một âm mưu chết chóc, buộc họ phải đối đầu với nhau và quá khứ của chính mình, nếu không tất cả sẽ CHẤM HẾT! Dưới sự chỉ đạo của đạo diễn Kitao Sakurai, Street Fighter mang những trận chiến game thùng lên màn ảnh rộng với các đòn thế quen thuộc cùng dàn nhân vật được yêu thích.","Phim Hành Động, Phim Giả Tượng",2026-10-13,0.0,0,Kitao Sakurai,"Andrew Koji, Noah Centineo, Callina Liang",/lnaGK9y2Dw1cwRz8e7X5plvYVdI.jpg
1381027,Good Boy,Good Boy,"Phim Gây Cấn, Phim Chính Kịch, Phim Bí Ẩn, Phim Kinh Dị",2026-03-05,7.3,110,Jan Komasa,"Stephen Graham, Andrea Riseborough, Anson Boon",/eWb841fMkSNly5gfL9J1N0xzVYI.jpg
1422041,La bola negra,La bola negra,"Phim Chính Kịch, Phim Chiến Tranh",2026-09-25,8.4,155,"Javier Ambrossi, Javier Calvo","Guitarricadelafuente, Miguel Bernardeau, Carlos González",/4omaYktw4VYkk5Tkq7rmUsWnQa5.jpg
141,Giấc Mơ,"Donnie Darko là một cậu học sinh ‘cá biệt’ bị ám ảnh bởi hình ảnh của một con thỏ khổng lồ luôn tìm cách lôi kéo cậu tham gia một loạt tội ác sau một tai nạn kỳ lạ. Những tình huống ly kì hồi hộp làm khán giả bị cuốn theo sự hoang tưởng trong tiềm thức của nhân vật chính. Cho đến cuối cùng, họ mới nhận ra được sự thật của những hoang tưởng ấy bắt nguồn từ đâu...","Phim Giả Tượng, Phim Chính Kịch, Phim Bí Ẩn",2001-01-19,7.76,114,Richard Kelly,"Jake Gyllenhaal, Jena Malone, James Duval",/j2AtZFsflxiluaNtajMTI0Avm8C.jpg
1292415,Quái Vật Võ Đài,Quái Vật Võ Đài,"Phim Hành Động, Phim Chính Kịch",2026-04-10,7.5,115,Tyler Atkins,"Daniel MacPherson, Luke Hemsworth, Russell Crowe",/7NrvUI3vnW8H3rD7ExKcTL7KRcQ.jpg
70160,Đấu Trường Sinh Tử,"Phim đặt trong bối cảnh khu vực Bắc Mỹ bị hủy hoại do thiên tai và chiến tranh, cả khu vực trở thành một Panem với Capitol và 13 huyện. Mỗi năm sẽ có 24 thanh niên của 12 huyện được lựa chọn để tham gia Đấu trường sinh tử được tường thuật cho cả đất nước xem, trong đó chỉ có một người gan dạ và mưu trí nhất mới có thể sống và chiến thắng. Đây là tác phẩm hấp dẫn mang đậm triết lý “ai mạnh thì sống”, bên cạnh đó phim ca ngợi khát vọng sống, tình yêu của những người trẻ tuổi. Được giới phê bình phim đánh giá khá cao, Đấu Trường Sinh Tử đã tạo ra một cơn sốt khắp các phòng chiếu Bắc Mỹ.","Phim Khoa Học Viễn Tưởng, Phim Phiêu Lưu, Phim Hành Động, Phim Gây Cấn",2012-03-12,7.223,142,Gary Ross,"Jennifer Lawrence, Josh Hutcherson, Liam Hemsworth",/tjyjVDEjFtlxsqAppVPPa6ZQ4Ye.jpg
1376415,L'Affaire Bojarski,L'Affaire Bojarski,"Phim Lịch Sử, Phim Chính Kịch, Phim Hình Sự",2026-01-12,7.1,128,Jean-Paul Salomé,"Reda Kateb, Sara Giraudeau, Bastien Bouillon",/r60UQDxVX3ayqlvUDdjPWUfD3x4.jpg
1140521,Cây Cổ Thụ Diệu Kỳ,"Một gia đình hiện đại chuyển về vùng quê, nơi những đứa trẻ phát hiện một cái cây kỳ diệu với những cư dân lập dị. Qua những chuyến phiêu lưu đến các vùng đất kỳ ảo, cả gia đình dần gắn kết lại với nhau.","Phim Phiêu Lưu, Phim Gia Đình, Phim Giả Tượng",2026-03-26,6.5,110,Ben Gregor,"Billie Gadsdon, Nicola Coughlan, Delilah Bennett-Cardy",/udXvLxC5gAqN8SinemyFBEcHpTf.jpg
964849,Đứa Con Của Màn Đêm,"Mang theo giấc mơ về một gia đình trọn vẹn, Saga cùng người chồng Anh quốc Jon chuyển đến căn nhà hẻo lánh giữa rừng Phần Lan, nơi cô từng lớn lên. Nhưng ngay sau khi đứa con chào đời, Saga bắt đầu cảm nhận có điều gì đó sai lệch khủng khiếp, dù tất cả đều cố trấn an cô. Khi hôn nhân dần rạn nứt, chỉ mình Saga nghi ngờ sự thật đáng sợ về đứa trẻ mới sinh.",Phim Kinh Dị,2026-07-01,6.0,92,Hanna Bergholm,"Rupert Grint, Seidi Haarla, Pamela Tola",/bLSrV2Him731C9tDCRuHq2drit5.jpg
1317149,Tôi thề,Đây là nội dung tiếng Việt thử nghiệm để kiểm tra việc tự động điền metadata lên TMDb.,"Phim Chính Kịch, Phim Lịch Sử",2025-09-22,8.3,121,Kirk Jones,"Robert Aramayo, Maxine Peake, Peter Mullan",/vUwyhNWBKkSwK8ELvEeBRwV724h.jpg
1242265,Kíp Nổ,Một quả bom chưa phát nổ từ Thế chiến II được phát hiện tại một công trường xây dựng đông đúc ở trung tâm London. Hỗn loạn nhanh chóng bùng nổ khi quân đội và cảnh sát phải tiến hành cuộc sơ tán quy mô lớn trong cuộc chạy đua nghẹt thở với thời gian.,"Phim Hành Động, Phim Hình Sự, Phim Gây Cấn",2026-03-23,7.166,96,David Mackenzie,"Aaron Taylor-Johnson, Theo James, Gugu Mbatha-Raw",/oMFdQE5hMJ9JjhNORegwTo0GKmh.jpg
1244523,Beware Boiúna,Beware Boiúna,"Phim Kinh Dị, Phim Gây Cấn",2026-10-01,0.0,104,Mike P. Nelson,"Logan Marshall-Green, Kiana Madeira, Jessica Rothe",/tENVMxKvOkslv8kagVNdIEQ13RT.jpg
18491,新世紀エヴァンゲリオン劇場版 Air／まごころを、君に,新世紀エヴァンゲリオン劇場版 Air／まごころを、君に,"Phim Hoạt Hình, Phim Khoa Học Viễn Tưởng, Phim Chính Kịch, Phim Giả Tượng, Phim Hành Động",1997-07-19,8.26,87,"庵野秀明, 鶴巻和哉","緒方恵美, 林原めぐみ, 三石琴乃",/yBanOpNIccxjZlH4QH7ag4ojWOI.jpg
1398655,Blue Film,Blue Film,Phim Chính Kịch,2026-05-08,7.4,85,Elliot Tuttle,"Reed Birney, Kieron Moore, Turner Beckett",/7yqMtaRMPgntGcDtYySv7XfTsDB.jpg
1477104,Shaun the Sheep: The Beast of Mossy Bottom,Shaun the Sheep: The Beast of Mossy Bottom,"Phim Hoạt Hình, Phim Hài, Phim Gia Đình, Phim Phiêu Lưu, Phim Kinh Dị",2026-09-17,6.7,81,"Steve Cox, Matthew Walker","Justin Fletcher, John Sparkes, Nina Sosanya",/mMOptSPBVGUA9GHgnpsC35GzZ7e.jpg
376867,Ánh Trăng,"Moonlight kể về cuộc sống của cậu bé Chiron da màu từ nhỏ đã sống cùng người mẹ nghiện ngập, thiếu vắng hình bóng người cha. Bộ phim chia thành ba hồi: “Little” - “Chiron” - “Black”, ba cái tên được sử dụng để gọi cùng một người, từ khi Chiron còn nhỏ đến lúc trưởng thành. Người xem lần lượt theo dõi nhân vật chính bước qua các giai đoạn của cuộc đời, anh loay hoay tìm vị trí cho mình cùng những câu hỏi về giới tính khi xuất thân là cậu bé da đen, nghèo, đồng tính và không có bạn bè. Liên tiếp bị bạn bè trêu trọc, bắt nạt, rồi mặc cảm về bản thân, Chiron lúc nào cũng lủi thủi với ánh mắt luôn nhìn xuống.",Phim Chính Kịch,2016-10-21,7.356,112,Barry Jenkins,"Trevante Rhodes, André Holland, Janelle Monáe",/qLnfEmPrDjJfPyyddLJPkXmshkp.jpg
1765072,You Can See Everything,You Can See Everything,Phim Tài Liệu,2026-10-16,0.0,174,"Nathan Fielder, Lance Oppenheim","Elizabeth Holmes, Nathan Fielder, Billy Evans",/qhFWz1BsEMg5rcs6TAstmGQggMT.jpg
1281331,Phán Xét Sự Thật,Phán Xét Sự Thật,"Phim Chính Kịch, Phim Gây Cấn",2026-10-07,0.0,112,Aaron Sorkin,"Mikey Madison, Jeremy Allen White, Jeremy Strong",/yPFKOAqUs6AxhLNT1igcBULvWLq.jpg
1397485,Những Rung Động Đầu Đời,"Coley, 17 tuổi, sống ở vùng quê Oregon và vẫn đang học cách bước tiếp sau khi mẹ qua đời. Khi gặp Sonya, những cảm xúc mới mẻ dần nảy nở giữa hai cô gái, nhưng sự hoài nghi, vụng về và nỗi sợ bị tổn thương khiến cả hai phải học cách thành thật với trái tim mình.","Phim Lãng Mạn, Phim Chính Kịch",2026-06-18,7.5,95,Hayley Kiyoko,"Maya da Costa, Myra Molloy, Zach Braff",/gbP30EOIwUW0HZY9BwQMTRrk8uX.jpg
1430698,Vịnh,"Emma và Lani, đôi bạn thân đang tham dự một đám cưới ở Thái Lan, bỗng nhiên bị mắc kẹt trên một chiếc thuyền du lịch đang chìm giữa khu bảo tồn cá mập hổ.","Phim Gây Cấn, Phim Kinh Dị",2026-07-02,5.7,86,Phil Volken,"Francesca Eastwood, Dani Oliveros, Alexander Wraith",/8QQUI4J2zLv6f96TOjbz9dcg8bc.jpg
1503762,Sense and Sensibility,Sense and Sensibility,"Phim Chính Kịch, Phim Lãng Mạn",2026-09-23,6.929,132,Georgia Oakley,"Daisy Edgar-Jones, Esmé Creed-Miles, Caitríona Balfe",/czsyPHosFNbh4PPqXfqWu1aBXnA.jpg
791523,Wildwood,"Hành trình tuyệt vọng của một cô bé nhằm cứu em trai sơ sinh mở ra một cuộc phiêu lưu kỳ ảo đầy hiểm nguy trong khu rừng cấm, nơi có những sinh vật huyền bí, đồng minh đáng mến và kẻ thù đáng gờm, với số phận của cả một vương quốc bí ẩn đang bị đe dọa.","Phim Hoạt Hình, Phim Phiêu Lưu, Phim Giả Tượng",2026-10-21,0.0,132,Travis Knight,"Peyton Elizabeth Lee, Jacob Tremblay, Carey Mulligan",/snFM00mpNAfUzUtkdEW0uDEvXA0.jpg
1391021,欢迎来龙餐馆,欢迎来龙餐馆,"Phim Chính Kịch, Phim Chiến Tranh",2026-08-08,9.1,140,文牧野,"沈腾, 蒋奇明, عمر شريف",/2OJX7udqqpk5c82pXXdL2hnny0D.jpg
1437696,Ojczyzna,Ojczyzna,"Phim Chính Kịch, Phim Lịch Sử",2026-06-19,7.3,82,Paweł Pawlikowski,"Sandra Hüller, Hanns Zischler, August Diehl",/7VjwmvDG5mksJBXMcmK6PudqH88.jpg
1469342,Địa Ngục Riêng Em,"Khi màn sương kỳ dị bao trùm lấy cả thành phố và giải phóng thứ thế lực chết chóc, một cô gái trẻ bất ổn lên đường tìm kiếm người cha mất tích. Trên hành trình ấy, số phận cô giao cắt với một lính Mỹ đang tuyệt vọng dấn thân vào cuộc truy tìm con gái mình - từ chính Địa ngục.","Phim Khoa Học Viễn Tưởng, Phim Kinh Dị, Phim Gây Cấn",2026-07-23,5.204,110,Nicolas Winding Refn,"Sophie Thatcher, Charles Melton, Havana Rose Liu",/aD2z0Q6OXOibLDZTYG13joyKd4a.jpg
1375156,उड़ता तीर,उड़ता तीर,Phim Hài,2026-10-09,0.0,144,Aakash Kaushik,"Ayushmann Khurrana, Sara Ali Khan, Rahul Bose",/tvICKypVlW7Iio4KVs7NousbSKi.jpg
1333100,Đại Chiến Người Khổng Lồ: Lần Tấn Công Cuối Cùng,"Trong cuộc chiến cuối cùng định đoạt số phận thế giới, Eren Yeager đã giải phóng sức mạnh tối thượng của các Titan. Dẫn đầu đội quân Titan Đại hình khổng lồ, Eren quyết tâm hủy diệt mọi kẻ thù đe dọa đến quê hương Eldia. Thế nhưng, cuộc chiến này không chỉ là về sự sống còn, mà còn là cuộc đối đầu giữa lòng thù hận và hy vọng. Kết thúc khúc hùng ca đầy bi tráng, di sản của chiến tranh và những ám ảnh về tự do vẫn tiếp tục đeo bám nhân loại, để lại câu hỏi về giá trị của sự hy sinh và tự do thật sự.","Phim Hoạt Hình, Phim Hành Động, Phim Phiêu Lưu, Phim Chính Kịch",2024-03-20,8.738,145,林祐一郎,"Kaji Yuki, 石川由依, 井上麻里奈",/h46FSEvcmZt2K0pwbfL9P7fpYRu.jpg
11645,Loạn,"Vào thời Chiến Quốc giả tưởng, lãnh chúa Ichimonji Hidetora quyết định thoái vị và chia tách vương quốc của mình cho ba người con trai. Quyết định sai lầm này ngay lập tức châm ngòi cho một cuộc chiến quyền lực tàn khốc, đẩy gia tộc vào cảnh huynh đệ tương tàn và dìm toàn bộ vương triều vào biển máu của sự phản bội…","Phim Hành Động, Phim Chính Kịch, Phim Lịch Sử",1985-06-01,8.0,160,Kurosawa Akira,"Nakadai Tatsuya, Terao Akira, Nezu Jinpachi",/9rlcH63rnaojFat6we9CW9BOg6G.jpg
1146058,Cá Con Cau Có,"Giữa lòng đại dương nhộn nhịp, chú cá cô độc Mr. Fish sống tách biệt khỏi thế giới cho đến khi cuộc đời anh bị đảo lộn bởi Pip - một “cô rồng biển” nhỏ hiếu động vô tình gây ra thảm họa khiến cả hai cùng mất nhà. Bị cuốn vào hành trình sửa sai, họ quyết định tìm đến Shimmer - sinh vật huyền thoại được cho là có thể ban điều ước, trong khi đồng thời phải chạy đua với Benji, một chú mực trẻ đang tuyệt vọng cứu lấy cộng đồng của mình. Nhưng khi sự thật được hé lộ rằng Shimmer không thể thực hiện điều ước, cả ba buộc phải đối mặt với chính mình, học cách tin tưởng và hợp lực, để nhận ra rằng phép màu thực sự luôn nằm trong chính họ.","Phim Hoạt Hình, Phim Gia Đình, Phim Phiêu Lưu, Phim Hài",2026-01-01,5.5,91,Ricard Cussó,"Nick Offerman, Nina Oyama, Miranda Otto",/w6CjGNpuPNBBWEH8o7T30rhzBzk.jpg
2300,Chơi Bóng Ngoài Vũ Trụ,"Bọn thú nhỏ Looney Tunes bị những tên quái vật Nerdlucks ăn hiếp, chúng thách thức lũ to đầu thi bóng rổ. Với sự trợ giúp của Michael Jordan, liệu Looney Tunes có chiến thắng được những tên khổng lồ không?","Phim Gia Đình, Phim Hoạt Hình, Phim Khoa Học Viễn Tưởng, Phim Giả Tượng, Phim Hài",1996-11-15,6.8,87,Joe Pytka,"Michael Jordan, Wayne Knight, Theresa Randle",/4RN5El3Pj2W4gpwgiAGLVfSJv2g.jpg
1255833,Cá Voi Nuốt Chửng,"Một thợ lặn biển đang tìm kiếm hài cốt của người cha quá cố thì bị một con cá nhà táng dài 80 foot, nặng 60 tấn nuốt chửng, và chỉ còn 1 giờ để thoát ra trước khi cạn oxy. Sau khi gần như buông xuôi mạng sống, chàng trai trẻ bất ngờ tìm lại được lý do để tiếp tục sống ở nơi nguy hiểm và không tưởng nhất.",Phim Gây Cấn,2026-10-14,0.0,98,Brian Duffield,"Austin Abrams, Josh Brolin, Elisabeth Shue",/t644ur9Yj3ypD2r4y82c5GssPj3.jpg
539745,Trại Súc Vật,"Một nhóm động vật trong trang trại nổi dậy chống lại người chủ bỏ bê chúng, mang theo giấc mơ về bình đẳng và tự do. Nhưng khi bầy heo nắm quyền kiểm soát, cuộc cách mạng dần biến thành chế độ độc tài, nơi sự thật bị bóp méo và mọi tiếng nói phản kháng đều bị đàn áp.","Phim Hoạt Hình, Phim Hài, Phim Chính Kịch, Phim Gia Đình, Phim Khoa Học Viễn Tưởng",2026-04-30,6.4,95,Andy Serkis,"Seth Rogen, Gaten Matarazzo, Steve Buscemi",/6pzI1DIlxwAFffw9OZcG6cr031U.jpg
1556321,Quỷ Ăn Tạng 4: Hổ Tinh,"Cuộc gặp gỡ đầu tiên giữa Yak và Trung sĩ Paphan khi cả hai dấn thân vào một nhiệm vụ sinh tử: truy tìm một người đàn ông mất tích. Dẫn đầu toán quân tiến sâu vào vùng hiểm địa âm u, họ phải đối mặt với Hổ tinh ăn thịt người vùng Khao Khwang, kẻ sở hữu khả năng biến hóa khôn lường thành muôn hình vạn trạng. Bị bủa vây giữa ngàn trùng nguy hiểm của rừng thiêng, Yak và Trung sĩ Paphan chỉ còn một con đường duy nhất: sát cánh chiến đấu để sinh tồn và vạch trần sự thật tàn khốc trước khi chính họ trở thành mồi ngon tiếp theo của nó.","Phim Kinh Dị, Phim Gây Cấn, Phim Hành Động",2026-09-29,0.0,111,"ณฤทธิ์ ยุวบูรณ์, ธนเดช ประดิษฐ์, Chalit Krileadmongkon","ณเดชน์ คูกิมิยะ, องอาจ เจียมเจริญพรกุล, เมลดา สุศรี",/tOhbvoTC10Nf9WTBI1EIwaXz9Et.jpg
1542261,Doraemon: Nobita và Lâu Đài Dưới Đáy Biển (Phiên bản mới),"""Doraemon: Nobita và Lâu đài dưới đáy biển"" (tên khác là Lâu đài ma dưới đáy biển) là một trong những tác phẩm kinh điển thuộc loạt truyện dài và phim điện ảnh Doraemon. Hiện tại, tác phẩm này đang thu hút sự chú ý với phiên bản làm mới (remake) ra mắt vào năm 2026.","Phim Hoạt Hình, Phim Phiêu Lưu, Phim Giả Tượng, Phim Gia Đình",2026-02-27,7.1,102,矢嶋哲生,"水田わさび, 大原めぐみ, かかずゆみ",/jTvru4ddQNkNPvPHQgHZipAMF65.jpg
51739,Thế Giới Bí Mật Của Arrietty,"Khi ""người vay mượn"" nhỏ bé tên Arrietty kết bạn với cậu nhóc to lớn hơn cô gấp nhiều lần, cô cũng phải bảo vệ gia đình mình trước những người khổng lồ cao chót vót.","Phim Giả Tượng, Phim Hoạt Hình, Phim Gia Đình",2010-07-16,7.681,95,米林宏昌,"Shida Mirai, Kamiki Ryunosuke, 三浦友和",/dLQKL4jQN8jA11RgLVebZAVHVWF.jpg
1074074,El ser querido,El ser querido,Phim Chính Kịch,2026-05-16,6.852,135,Rodrigo Sorogoyen,"Javier Bardem, Victoria Luengo, Melina Matthews",/LdKLipXCdKHNXxUxn8l7UTdnXJ.jpg
406,Hận Thù,"Một bộ phim đen trắng về đề tài sắc tộc, nghèo đói, phân biệt đối xử... những thứ nung đúc nên mầm mống của bạo loạn kinh hoàng trên đường phố Paris. Sau khi Abdel, 1 thanh niên địa phương bị đánh bất tỉnh bởi cảnh sát, một cuộc bạo loạn xảy ra sau đó và một cảnh sát đánh mất khẩu sung của mình. Khẩu súng sau đó được tìm thấy bởi Vinz, người đe dọa sẽ giết một cảnh sát nếu Abdel chết.",Phim Chính Kịch,1995-05-31,8.087,98,Mathieu Kassovitz,"Vincent Cassel, Hubert Koundé, Saïd Taghmaoui",/gfdhSzPyAWtAizqs4ytc0MwOlQg.jpg
1571101,Evolution,Evolution,"Phim Hoạt Hình, Phim Gia Đình, Phim Hài",2026-02-06,6.8,94,"Julio Soto Gurpide, Zayra Muñoz Dominguez","Elena Jiménez, Claudia Caneda, Juan Amador Pulido",/8tMZOnlFUa6zxlEF84QfghXnjuD.jpg
1107216,Biệt đội thú cưng: Cuộc chiến trên đường ray,"Khi một chuyến tàu bất ngờ khởi hành, chỉ chở theo thú cưng, các loài động vật phát hiện ra rằng Hans, một con lửng đầy thù hận đứng đằng sau tất cả. Trong khi vụ tai nạn dường như không thể tránh khỏi, các loài động vật có thể trông cậy vào Falcon, một chú gấu trúc tinh nghịch sẽ làm bất cứ điều gì để cứu chúng.","Phim Hoạt Hình, Phim Hài, Phim Phiêu Lưu, Phim Gây Cấn, Phim Gia Đình",2025-07-02,7.1,86,"Jean-Christian Tassy, Benoît Daffis","Damien Ferrette, Hervé Jolly, Kaycie Chase",/kGreWvuW4FlzWP4UQUyJ55N1zGK.jpg
1148365,Matchbox Phim Điện Ảnh - Matchbox: The Movie,Cuộc hội ngộ của một nhóm bạn thuở nhỏ bỗng rẽ vào một bước ngoặt bất ngờ khi cả bọn rơi vào một âm mưu quốc tế nguy hiểm và phải đứng lên cứu thế giới.,"Phim Hành Động, Phim Hài, Phim Phiêu Lưu",2026-10-08,0.0,127,Sam Hargrave,"John Cena, Jessica Biel, Sam Richardson",/l6Pp3m0L3kOaSyjkjUgl93C0IJg.jpg
1126097,Charlie Harper,Charlie Harper,"Phim Lãng Mạn, Phim Chính Kịch",2026-09-24,6.0,102,"Tom Dean, Mac Eldridge","Nick Robinson, Emilia Jones, Nicholas Cirillo",/9Nf8Pluoi1JrT6S0qDsDMndFnlz.jpg
1336166,Rolling Loud: The Movie,Rolling Loud: The Movie,"Phim Hài, Phim Nhạc",2026-10-02,0.0,0,Jeremy Garelick,"Owen Wilson, Matt Rife, Christine Ko",/yJsGgMrE2wE1rdtu70LI6rrF3mo.jpg
884,Đổ Vỡ,Bộ phim ra đời năm 1996 kể về một nhà sản xuất phim (James Spader) có một cuộc hôn nhân cởi mở với người vợ (Holly Hunter). Một tai nạn giao thông làm thay đổi hoàn toàn đời sống tình dục của họ. Tất cả các nhân vật trong phim đều mắc một chứng nghiện sex kỳ lạ. Những cảnh nóng trần trụi được kết hợp với những cảnh tai nạn đẫm máu. Mặc dù Crash từng giành một giải thưởng đặc biệt vì “tính sáng tạo và táo bạo” tại LHP Cannes nhưng tác phẩm này đã khiến nhiều khán giả phải đứng dậy bỏ về vì phẫn nộ và cảm thấy ghê tởm.,"Phim Gây Cấn, Phim Chính Kịch",1996-07-17,6.5,100,David Cronenberg,"James Spader, Holly Hunter, Elias Koteas",/gpai5oUFyFGLHOCsYTvVMqlbY7A.jpg
1586876,CHIIKAWA: BÍ MẬT ĐẢO NGƯỜI CÁ,"Bộ ba Chiikawa, Hachiware và Usagi nhận được một lời mời tham gia chuyến đi đến hòn đảo đặc biệt với những phần thưởng và đồ ăn miễn phí. Cả nhóm cùng lên đường phiêu lưu ra đảo cùng với nhân vật Rakko – người vốn mang lòng hoài nghi về những lời hứa hẹn trong tờ rơi. Hòn đảo tưởng chừng vui vẻ này lại ẩn chứa nhiều điều kỳ bí và bí mật lâu đời liên quan đến người cá.","Phim Hoạt Hình, Phim Gia Đình, Phim Phiêu Lưu, Phim Giả Tượng",2026-07-24,7.3,99,及川啓,"青木遥, 田中誠人, 小澤亜李",/e1wTUMAR39i3jhPH0UrE9SPOzF2.jpg
1437396,Your Mother Your Mother Your Mother,Your Mother Your Mother Your Mother,"Phim Hành Động, Phim Hình Sự, Phim Chính Kịch",2026-09-25,8.5,111,Bassam Tariq,"Mahershala Ali, John Cho, Giancarlo Esposito",/4KaPZSKnInnArErTTgy9Oy14leR.jpg
1165366,La bataille de Gaulle : L'âge de fer,La bataille de Gaulle : L'âge de fer,"Phim Lịch Sử, Phim Chính Kịch",2026-06-03,7.836,160,Antonin Baudry,"Simon Abkarian, Simon Russell Beale, Florian Lesieur",/zWuZWFKyga6GF3agrhJn8UtdMSu.jpg
1088548,Amarga Navidad,Amarga Navidad,"Phim Chính Kịch, Phim Hài",2026-03-20,6.172,111,Pedro Almodóvar,"Bárbara Lennie, Leonardo Sbaraglia, Aitana Sánchez-Gijón",/ji29dXqoeIsQiVnXAkzI4nzxMjr.jpg
1176962,Rose,Rose,"Phim Chính Kịch, Phim Lịch Sử, Phim Chiến Tranh",2026-04-17,7.7,94,Markus Schleinzer,"Sandra Hüller, Caro Braun, Marisa Growaldt",/9xxcGE5NOtiC5qnNuWwqKqE3iIQ.jpg
149871,Chuyện Nàng Công Chúa Kaguya,"Câu chuyện bắt đầu khi một ông lão đốn tre (do Takeo Chii lồng tiếng) tìm thấy một cô bé tí hon lấp lánh bên trong một thân cây tre phát sáng. Tin rằng đây là một món quà từ trời, ông và vợ (do Nobuko Miyamoto lồng tiếng) quyết định nuôi dưỡng cô bé, đặt tên là Kaguya. Kaguya lớn lên nhanh chóng một cách phi thường, trở thành một thiếu nữ xinh đẹp tuyệt trần với vẻ duyên dáng tự nhiên.","Phim Hoạt Hình, Phim Chính Kịch, Phim Giả Tượng",2013-11-23,8.089,137,Takahata Isao,"朝倉あき, 地井武男, 宮本信子",/5EM4TE9wlLfvA9yQaQZdKR5RwrR.jpg
1401459,Fjord,Fjord,Phim Chính Kịch,2026-06-13,7.2,146,Cristian Mungiu,"Sebastian Stan, Renate Reinsve, Lisa Carlehed",/od5PWXCT4KhZ9ekVbnmq8kEWBjO.jpg
83389,Ngọn Đồi Hoa Hồng Anh,"Bộ phim lấy bối cảnh Nhật Bản những năm 1960, nói về một cô gái tên Matsuzaki Umi sống cùng với gia đình trên đỉnh một ngọn đồi ở sát biển, cây Ngu Mỹ Nhân mọc rất nhiều trên ngọn đồi này và hằng ngày cô thường kéo cờ hiệu trong sân nhà vốn là đỉnh của ngọn đồi đó, cha của cô đã mất tích trong chiến tranh và những lá cờ hiệu cô kéo lên hằng ngày là dấu hiệu để nếu cha cô trở về từ biển có thể nhận ra nhà của mình. Cô đã gặp một nam sinh cùng học trong ngôi trường trung học với mình người muốn giữ và sửa chữa lại ngôi trường cũ thay vì phá bỏ và xây ngôi trường mới. Cô cũng có tình cảm với anh ta nhưng sau đó họ đã phát hiện ra 2 người có chung huyết thống..","Phim Hoạt Hình, Phim Chính Kịch",2011-07-16,7.5,91,宮崎吾朗,"Nagasawa Masami, Okada Junichi, 竹下景子",/4tw1Q0Hpvvac55jwz213DCI4LUQ.jpg
878608,Thời Đại Cuồng Dã,"Trong tương lai xa, khi con người đã đánh đổi khả năng mơ mộng để đổi lấy sự bất tử, thế giới trở nên hoàn hảo đến mức lạnh lẽo. Mọi giấc mơ bị xóa sổ, mọi cảm xúc được lập trình phẳng lặng như mặt hồ không gợn sóng. Giữa thời đại ấy, một kẻ bị xã hội ruồng bỏ (Dịch Dương Thiên Tỉ) bắt đầu nhìn thấy những ảo ảnh — những mảnh vụn của giấc mơ, vừa đẹp đẽ vừa kinh hoàng. Anh dấn sâu vào thế giới do chính tâm trí mình tạo ra, nơi ranh giới giữa thực và ảo tan chảy, nơi Thư Kỳ và Lý Canh Hy xuất hiện như những bóng hình vừa cứu rỗi vừa đe dọa. Bi Gan, với phong cách hình ảnh trôi nổi và nhịp điệu thôi miên, dẫn người xem bước vào một không gian viễn tưởng đầy chất thơ, nơi câu hỏi “liệu ta còn là con người nếu không thể mơ?” vang lên ám ảnh giữa ánh sáng và bóng tối của một thời đại cuồng dã.","Phim Khoa Học Viễn Tưởng, Phim Giả Tượng, Phim Chính Kịch",2025-11-22,7.2,159,毕赣,"Dịch Dương Thiên Tỉ, Thư Kỳ, Triệu Hựu Đình",/76uPr6mqXiEY935oH2IxTCJjLxo.jpg
1599764,London,London,"Phim Chính Kịch, Phim Hài",2026-10-15,0.0,122,Sebastian Brameshuber,"Bobby Sommer, Clifford Agu, Lana Prerad",/dGZzv3xQ9qs8zutkrcE9GJmr0ZF.jpg
1007757,Cuộc phiêu lưu biến hóa,"Một sinh vật nhỏ bé trong rừng và một chú chim oai vệ bất ngờ hoán đổi thân xác, buộc chúng phải hợp sức để sống sót trong chuyến phiêu lưu náo loạn nhất đời mình.","Phim Phiêu Lưu, Phim Hoạt Hình, Phim Gia Đình, Phim Giả Tượng",2026-05-01,8.865,102,Nathan Greno,"Michael B. Jordan, Juno Temple, Tracy Morgan",/tHhxWxge06goXU6ZQH1hj7vK8Hd.jpg
1632181,Socias por accidente,Socias por accidente,"Phim Hài, Phim Lãng Mạn",2026-03-12,8.8,110,Ihtzi Hurtado,"Angelique Boyer, Bárbara de Regil, Diego Klein",/j0CIVzeR7hRAPBPGR54qDZoOQpp.jpg
1232449,Young Hearts,Young Hearts,"Phim Chính Kịch, Phim Lãng Mạn",2024-10-26,8.6,99,Anthony Schatteman,"Lou Goossens, Marius De Saeger, Geert Van Rampelberg",/xsApLXxqTG5uorAZRF0kJi0oXfR.jpg
389,12 Người Đàn Ông Giận Dữ,Một thanh niên bị tình nghi giết cha ruột của mình. 12 người của bồi thẩm đoàn bắt đầu phiên làm việc của mình và tất cả hội thẩm viên đều muốn kết thúc nhanh chóng vụ án vì các chứng cứ đã quá rõ ràng. Trừ một người duy nhất. Ông không muốn sinh mạng của một con người lại có thể được quyết định chỉ trong vòng chưa đầy 10 phút.  Ông có một sự nghi ngờ riêng đối với vụ án kỳ lạ này. Và ông quyết định: tìm cách thuyết phục mọi người. Nhưng ông sẽ làm gì để giúp cậu bé kia và thuyết phục những người trong bồi thẩm đoàn đây?,Phim Chính Kịch,1957-04-10,8.573,97,Sidney Lumet,"Martin Balsam, John Fiedler, Lee J. Cobb",/aa4s7J0ld2UHUooc1H8o1sNuZ2m.jpg
240,Bố Già 2,"The Godfather II là phần tiếp theo của tác phẩm nổi tiếng Bố già sản xuất năm 1972. Trong phần thứ hai này sẽ có hai câu chuyện, hai tuyến nhân vật, hai tuyến thời gian song hành nhau. Một là câu chuyện về gia đình mafia Corleone tiếp tục khi Michael lên làm ông trùm và âm mưu mở rộng địa bàn sang Las Vegas lẫn Cuba, xen lẫn với những hồi ức về Bố già khi mới đặt chân đến New York... Bố già phần II được đánh giá là phần tiếp theo thành công nhất trong lịch sử điện ảnh, nhiều người cho rằng bộ phim hay tương đương, thậm chí là hay hơn phần đầu. Cùng với phần đầu tiên, Bố già II được coi là một trong những bộ phim hay nhất mọi thời đại.","Phim Chính Kịch, Phim Hình Sự",1974-12-20,8.573,202,Francis Ford Coppola,"Al Pacino, Robert Duvall, Diane Keaton",/flUbm9ZaZ7itOwCzHtx6lnhLMQ4.jpg
1630423,Sát Thủ Yêu Dấu,"Trở thành mục tiêu vì nhóm máu hiếm, người phụ nữ tìm thấy sự che chở trong vòng tay gã sát thủ nguy hiểm cô yêu. Cùng nhau, họ chiến đấu để sinh tồn.","Phim Hành Động, Phim Chính Kịch, Phim Lãng Mạn",2026-05-06,8.6,128,Taweewat Wantha,"พิมพ์ชนก ลือวิเศษไพบูลย์, ธนภพ ลีรัตนขจร, ศิวกร อดุลสุทธิกุล",/b1VNnA0ewb6F0hccCpPpXD8c8oT.jpg
424,Bản Danh Sách Của Schindler,"Bản danh sách của Schindler (Schindler`s List) là một bộ phim truyện sản xuất năm 1993 của Hoa Kỳ về Oskar Schindler, một nhà kinh doanh người Đức. Phim bắt đầu vào năm 1939 với sự tập trung người Ba Lan gốc Do Thái của chính quyền Đức Quốc Xã sau khi xâm lược Ba Lan, từ việc bao vây, giam lỏng trong vùng tới xây dựng những khu tập trung Kraków Ghetto không lâu sau khi Đệ nhị thế chiến bắt đầu. Trong lúc đó, Oskar Schindler (Liam Neeson), một doanh nhân thất bại, đến thành phố từ Sudetenland với những hy vọng làm giàu.","Phim Chính Kịch, Phim Lịch Sử, Phim Chiến Tranh",1993-12-15,8.569,195,Steven Spielberg,"Liam Neeson, Ben Kingsley, Ralph Fiennes",/sF1U4EUQS8YHUYjNl3pMGNIQyr0.jpg
1218925,Chainsaw Man - The Movie: Chương Reze,"Tiếp nối series anime chuyển thể đình đám, Chainsaw Man lần đầu tiên oanh tạc màn ảnh rộng trong một cuộc phiêu lưu hoành tráng, ngập tràn các phân cảnh hành động. Ở phần trước, ta đã biết Denji từng làm Thợ Săn Quỷ cho yakuza để trả món nợ của cha mẹ nhưng bị họ phản bội và trừ khử. Trong khoảnh khắc hấp hối, chú chó quỷ cưa máy Pochita (người bạn đồng hành trung thành của Denji) đã đưa ra một khế ước, cứu sống cậu và hợp thể cùng cậu. Từ đó, một Quỷ Cưa bất khả chiến bại ra đời. Giờ đây ở Chainsaw Man – The Movie: Chương Reze, trong cuộc chiến tàn khốc giữa quỷ dữ, thợ săn quỷ và những kẻ thù trong bóng tối, một cô gái bí ẩn tên Reze xuất hiện trong thế giới của Denji. Denji buộc phải đối mặt với trận chiến sinh tử khốc liệt nhất của mình, một trận chiến được tiếp sức bởi tình yêu trong một thế giới nơi mọi người phải sinh tồn mà không biết bất kỳ luật lệ nào.","Phim Hoạt Hình, Phim Hành Động, Phim Lãng Mạn, Phim Giả Tượng",2025-09-19,8.6,100,吉原達矢,"戸谷菊之介, 楠木ともり, 上田麗奈",/kywH6s7qTa64i0drx3pNvpQufWR.jpg
129,Vùng Đất Linh Hồn,"Câu chuyện kể về cô bé bướng bỉnh Chihiro. Gia đình của Chihiro chuyển từ thành phố về quê sinh sống, và Chihiro chẳng thích thú tí nào với sự thay đổi này.  Bố của Chihiro là một tay lái xe tệ hại và có một trí nhớ ""quá tồi"", ông đã lái xe lạc đường đến một thành phố bị bỏ hoang, không bóng người. Bị cuốn hút bởi mùi vị thơm ngon của thức ăn, bố mẹ của Chihiro bắt đầu ""thưởng thức"", nhưng kết quả họ bị biến thành những con heo mập. Còn thành phố không người kia, sau khi trời tối, tất cả sống dậy, những bóng ma bắt đầu xuất hiện và hoạt động. Cô bé bướng bỉnh phải làm gì để cứu bố mẹ mình và thoát khỏi đây?","Phim Hoạt Hình, Phim Gia Đình, Phim Giả Tượng",2001-07-20,8.535,135,宮崎駿,"柊瑠美, Irino Miyu, 夏木マリ",/pNHppsjxGBcRUCFlXQh0briymTN.jpg
497,Dặm Xanh,Bộ phim là câu chuyện hồi tưởng của một viên coi ngục cai quản những tên tử tù bất trị đang chờ ngày ngồi lên ghế điện trả giá cho những tội ác mà chúng gây ra. Cuộc sống của ông thay đổi hoàn toàn kể từ khi một người tù da đen có khả năng kì lạ xuất hiện trong ngục của ông...,"Phim Giả Tượng, Phim Chính Kịch, Phim Hình Sự",1999-12-10,8.5,189,Frank Darabont,"Tom Hanks, David Morse, Bonnie Hunt",/pTEuy2oti9ITTzzrTRZNeSAXzfC.jpg
19404,Dilwale sẽ đón chàng rể,"Raj là một NRI thế hệ thứ hai giàu có, vô tư, luôn vui vẻ và may mắn. Simran là con gái của Chaudhary Baldev Singh, người mặc dù là một NRI nhưng rất nghiêm khắc trong việc tuân thủ các giá trị của Ấn Độ. Simran đã rời đến Ấn Độ để kết hôn với vị hôn phu thời thơ ấu của cô. Raj lên đường đến Ấn Độ với một nhiệm vụ trong tay, đòi hỏi tình yêu của người phụ nữ của mình dưới sự săn đón của cả gia đình cô ấy. Như vậy bắt đầu một câu chuyện.","Phim Hài, Phim Chính Kịch, Phim Lãng Mạn",1995-10-20,8.504,190,Aditya Chopra,"काजोल, शाहरुख़ ख़ान, Amrish Puri",/2CAL2433ZeIihfX1Hb2139CX0pW.jpg
496243,Ký Sinh Trùng,"Bộ phim xoay quanh hai gia đình hoàn toàn trái ngược: một bên vô cùng giàu có, còn một bên luôn sống trong cảnh nghèo túng. Họ tình cờ gặp gỡ và quen biết nhau sau một biến cố không ngờ.","Phim Hài, Phim Gây Cấn, Phim Chính Kịch",2019-05-30,8.49,132,Bong Joon Ho,"송강호, 이선균, 조여정",/zZydO1LhMhqDAMM86JUi241wT7X.jpg
372058,Tên Cậu Là Gì?,"Bộ phim là câu chuyện hoán đổi cơ thể của 2 cô cậu Mitsuha - nữ sinh trung học sống ở một thị trấn nhỏ của vùng Itomori và Taki – nam sinh tại thủ đô Tokyo đầy sôi động. Mitsuha luôn chán chường với cuộc sống tẻ nhạt của mình và mơ ước được làm anh chàng đẹp trai sống tại thủ đô. Trong khi đó, Taki hằng đêm lại nhìn thấy mình trong hình hài cô gái vùng miền quê. Ước mơ của cả 2 đã thành sự thật khi sao chổi nghìn năm xuất hiện trên trái đất và rồi cứ cách ngày lại được hoán đổi cơ thể cho nhau.","Phim Hoạt Hình, Phim Lãng Mạn, Phim Chính Kịch",2016-07-01,8.5,106,新海誠,"Kamiki Ryunosuke, Kamishiraishi Mone, Narita Ryo",/yV8ARrvpWaWd509QM4LwMScNDvZ.jpg
680,Chuyện Tào Lao,"Những câu chuyện tưởng chừng tầm phào về 2 gã găng tơ trên đường thực hiện mệnh lệnh của ông chủ với 1 võ sĩ quyền anh giết chết người phải chạy trốn có vẻ không liên quan nhưng khi ghép lại người xem sẽ có 1 bức tranh tổng thể, đặc trưng cho phong cách của đạo diễn Quentin Tarantino: đậm chất bạo lực, máu me.","Phim Gây Cấn, Phim Hình Sự, Phim Hài",1994-09-10,8.48,154,Quentin Tarantino,"John Travolta, Samuel L. Jackson, Uma Thurman",/ihynkOAH6FLNgG1kqM5ep9GSHZS.jpg
429,"Thiện, Ác, Tà","Thiện, Ác, Tà (The Good, The Bad And The Ugly): Blondie là tay cao bồi chuyên săn tiền thưởng ở miền Tây. Tuco là tên tội phạm đang lẩn trốn sự truy đuổi. Cả hai hợp tác kiếm tiền từ lệnh truy nã của Tuco. Cả hai phát hiện ra một kho vàng khi chạm trán đoàn xe bị cướp và lấy được thông tin từ kẻ sống sót cuối cùng. Tuco đã kịp nghe được tên của nghĩa địa chôn vàng, còn Blondie nhớ được tên ngôi mộ... Giờ đây, cả hai phải giữ mạng sống cho kẻ còn lại nếu muốn tìm được kho vàng. Cũng trong lúc đó, tên sát thủ Angel Eye đang trên đường tới nơi chôn giấu...",Phim Miền Tây,1966-12-23,8.469,161,Sergio Leone,"Clint Eastwood, Eli Wallach, Lee Van Cleef",/hTPEtEMiYFJ4lHXsay57tZX673Q.jpg
14537,Nghi Lễ Mổ Bụng,"""Nghi Lễ Mổ Bụng"" là một bộ phim jidaigeki xuất sắc lấy bối cảnh ở Nhật Bản thời phong kiến, kể về một lãng nhân tên Tsugumo Hanshiro trình diện bản thân với một gia tộc quyền lực và yêu cầu được thực hiện nghi lễ rạch bụng tự sát. Tuy nhiên, thông qua một loạt những đoạn hồi tưởng, chúng ta thấy rằng vị lãng nhân này được thúc đẩy bởi nhiều thứ hơn là ý niệm chết một cách danh dự. Những sự kiện sau đó là sự phê phán chế độ phong kiến và việc kỷ niệm cái chết vì niềm tin của một người.","Phim Hành Động, Phim Chính Kịch, Phim Lịch Sử",1962-09-15,8.466,135,Kobayashi Masaki,"Nakadai Tatsuya, Ishihama Akira, Iwashita Shima",/6Cw2LJzt6jRALHystjzWazeB4Pg.jpg
13,Forrest Gump,"Forrest Gump là một đứa trẻ bất hạnh khi sinh ra đã không có cha, hơn nữa Forrest còn bị thiểu năng. Forrest luôn bị bạn bè cùng trang lứa trêu trọc, bắt nạt. Người bạn duy nhất của Forrest là Jenny, chính Jenny đã phát hiện ra những khả năng đặc biệt của anh. Tốt nghiệp đại học Forrest nhập ngũ và tham chiến ở Việt Nam, Bubba trở thành bạn thân thứ 2 của anh. Forrest rời chiến trường với vết thương và khả năng chơi bóng bàn xuất sắc. Những biến cố nối tiếp nhau xuất hiện làm thay đổi hoàn toàn cuộc đời Forrest.","Phim Hài, Phim Chính Kịch, Phim Lãng Mạn",1994-06-23,8.461,142,Robert Zemeckis,"Tom Hanks, Robin Wright, Gary Sinise",/yvEDqdIQnYUahG6oY9bKHMubqp8.jpg
346,Bảy Võ Sĩ Đạo,"Bảy võ sĩ đạo (1954) là kiệt tác điện ảnh kinh điển của cố đạo diễn Kurosawa Akira, lấy bối cảnh nước Nhật thời Chiến Quốc loạn lạc, xoay quanh một ngôi làng nông dân nghèo quyết định thuê bảy võ sĩ tài ba để bảo vệ mùa màng và tính mạng của họ khỏi lũ cướp hung bạo chuyên cướp bóc dân đen. Bằng nghệ thuật kể chuyện bậc thầy với kết cấu chặt chẽ, bộ phim không chỉ khắc họa những trận chiến hoành tráng, khốc liệt dưới mưa đầy tính cách mạng về mặt kỹ thuật quay phim, mà còn là bản hùng ca nhân văn sâu sắc về sự xung đột giai cấp, danh dự của người võ sĩ và tinh thần đoàn kết kiên cường của những con người dưới đáy xã hội...","Phim Hành Động, Phim Chính Kịch",1954-04-26,8.454,207,Kurosawa Akira,"Mifune Toshiro, Shimura Takashi, Inaba Yoshio",/3jPTUo0JmxlYnqcyLK9OAWazkiq.jpg
12477,Mộ Đom Đóm,"Bộ phim được đặt trong bối cảnh giai đoạn cuối chiến tranh thế giới thứ 2 ở Nhật, kể về câu chuyện cảm động về tình anh em của hai đứa trẻ mồ côi là Seita và Setsuko. Hai anh em mất mẹ trong một trận bom dữ dội của không quân Mỹ khi cha của chúng đang chiến đấu cho Hải quân Nhật. Hai đứa bé phải vật lộn giữa nạn đói, giữa sự thờ ơ của những người xung quanh (trong đó có cả người cô họ của mình)...","Phim Hoạt Hình, Phim Chính Kịch, Phim Chiến Tranh",1988-04-16,8.45,89,Takahata Isao,"辰巳努, 白石綾乃, 志乃原良子",/j8QTuEVpaTJAbysQToI8sAj5MDB.jpg
769,Chiến Hữu,"Câu chuyện có thật về Henry Hill, một cậu bé Brooklyn mang nửa dòng máu Ailen, nửa Sicily, được các băng nhóm xã hội đen hàng xóm nhận nuôi khi còn nhỏ và leo lên hàng ngũ của một gia đình Mafia dưới sự hướng dẫn của Jimmy Conway.","Phim Chính Kịch, Phim Hình Sự",1990-09-12,8.45,145,Martin Scorsese,"Robert De Niro, Ray Liotta, Joe Pesci",/56yHDzoWZUFLUD2ztsVzSNcHo6f.jpg
1181678,¿Quieres ser mi hijo?,¿Quieres ser mi hijo?,"Phim Hài, Phim Lãng Mạn",2023-09-21,8.4,100,Ihtzi Hurtado,"Ludwika Paleta, Juanpa Zurita, Hernán Mendoza",/6PQJsmuvSMZQMmlJfTpjIkrizUh.jpg
120,Chúa Tể Của Những Chiếc Nhẫn: Hiệp Hội Nhẫn Thần,"Chiếc nhẫn chúa mang sức mạnh bá chủ vô tình được số phận đưa vào tay chàng hobbit trẻ tuổi Frodo. Khi thày phù thủy Gandalf phát hiện ra chiếc nhẫn này đã từng thuộc về bạo chúa Sauron, Frodo phải nhận nhiệm vụ mang nhẫn tới khe núi Hủy diệt để tiêu hủy nó.  Không đơn độc trong hành trình gian khó, Frodo còn tiếp nhận những người đồng hành thuộc các tộc khác nhau: Legolas tộc Elf; Gimli tộc Dwarf; Aragon, Boromir và ba người bạn Hobbit trung thành...","Phim Phiêu Lưu, Phim Giả Tượng, Phim Hành Động",2001-12-18,8.446,179,Peter Jackson,"Elijah Wood, Ian McKellen, Viggo Mortensen",/wEELRpCiex6TkDkerrrU6Lp0A4s.jpg
550,Sàn Đấu Sinh Tử,"Cuộc gặp gỡ định mệnh của một nhân viên giám định bảo hiểm và một gã lông bông bán xà phòng trên chuyến bay đã mở ra một cuộc phiêu lưu kỳ lạ. Với các ""câu lạc bộ chiến đấu"" ngầm hình thành ở mọi thị trấn, cuốn theo nhiều diễn biến phức tạp và một cái kết đầy kịch tính.","Phim Chính Kịch, Phim Gây Cấn",1999-10-15,8.437,139,David Fincher,"Edward Norton, Brad Pitt, Helena Bonham Carter",/wBxkCbNI8eDRRfUEl8w0G2rfLyu.jpg
637,Cuộc Sống Tươi Đẹp,"Một câu chuyện cổ tích giữa đời thường đầy cảm động về chàng bán sách người Ý gốc Do Thái. Cuộc sống gia đình hạnh phúc của anh bị đảo lộn hoàn toàn do bị trục xuất vào trại tập trung của Đức Quốc Xã. Tuy bị nhốt, nhưng anh đã thuyết phục con trai mình là toàn bộ những gì xảy ra đang là một trò chơi.","Phim Hài, Phim Chính Kịch",1997-12-20,8.4,116,Roberto Benigni,"Roberto Benigni, Nicoletta Braschi, Giorgio Cantarini",/uo7voMPpJ4cGvAgUxi0DumaqjBA.jpg
11216,Rạp Chiếu Bóng Thiên Đường,"Đã mang tiếng là dân mê phim mà chưa xem qua Cinema Paradiso thì quả là một thiếu sót cực lớn! Vì sao ư? Vì đây chính là bộ phim tôn vinh điện ảnh và những fan cuồng của điện ảnh.Với 1 giải Oscar và 1 Golden Globe dành cho phim nói tiếng nước ngoài hay nhất, 1 giải thưởng lớn của BGK tại liên hoan phim Cannes cùng vô số các giải thưởng khác, Cinema Paradiso xứng đáng là một tượng đài trong lòng những người yêu phim. Hãy xem phim để cùng cười, cùng khóc với câu chuyện và những nhân vật. Hãy xem phim để thấy tự hào mình là một người yêu điện ảnh và thêm yêu điện ảnh.Chắc chắn bộ phim sẽ mang lại cho bạn những giây phút cực kỳ vui vẻ nhưng cũng không thiếu đi những khoảng lặng mà cho tới tận lúc ra về bạn vẫn còn cảm thấy xúc ...","Phim Chính Kịch, Phim Lãng Mạn",1988-11-17,8.432,124,Giuseppe Tornatore,"Philippe Noiret, Jacques Perrin, Marco Leonardi",/3hcXpztAe9L6VLpDGwohS01ZSxw.jpg
667257,Cosas imposibles,Một góa phụ bị dày vò bởi ký ức về người chồng bạo hành của mình khi kết bạn với một chàng trai trẻ.,"Phim Gia Đình, Phim Chính Kịch",2021-06-17,8.438,88,Ernesto Contreras,"Nora Velázquez, Benny Emmanuel, Luisa Huertas",/eaf7GQj0ieOwm08rrvjJQNbN0kN.jpg
121,Chúa Tể Của Những Chiếc Nhẫn: Hai Tòa Tháp,"Cuộc hành trình đi hủy diệt chiếc nhẫn tiếp tục với bao nguy hiểm chờ đợi Frodo ở phía trước. Lần này, anh và Sam có một bạn đồng hành mới là Gollum. Trong khi đó, Gandalf may mắn thoát chết, hơn nữa sức mạnh của ông còn vượt xa hơn rất nhiều. Ông cùng Aragon, Legolas và Gimli cùng những thần rừng tìm cách phá hủy âm mưu của Saruman. Tiếp nối thành công của phần 1 The Lord Of The Ring 2 kế thừa và đan xen giữa hai hệ thống nhân vật cũ và mới làm cho nội dung phim càng thêm lôi cuốn người xem. The Lord Of The Ring 2 cũng mang về 2 Giải Oscar cho hạng mục âm thanh và kĩ xảo.","Phim Phiêu Lưu, Phim Giả Tượng, Phim Hành Động",2002-12-18,8.429,179,Peter Jackson,"Elijah Wood, Ian McKellen, Viggo Mortensen",/jmwZrMZE6bEuG6JWeu8Udb8B69d.jpg
598,Thành Phố Của Chúa,"City of God - một khu ổ chuột ở thành phố Rio de Janero - có cái tên như vậy với mong muốn điều tốt đẹp hơn đến với người trong vùng. Vậy mà, thực tế thật khắc nghiệt và tàn nhẫn. Trẻ em tiếp xúc súng đạn nhiều hơn là sách vở. Thanh niên thì trộm cắp, cướp bóc. Thế nhưng người dân chẳng ghét những kẻ trộm cắp lặt vặt, thậm chí còn bao che cho họ bởi người họ căm ghét hơn cả là cảnh sát địa phương. Những tên chuyên quyền này thản nhiên móc nối với bọn cầm đầu xã hội đen, ra sức bắn giết bất kì ai chúng cho là nghi phạm. Đến cảnh sát, người thay mặt cho chính quyền, lại làm ngơ trước tội phạm như vậy thì còn biết trông chờ vào ai? Cái vòng tội lỗi, đói nghèo cứ bám lấy thành phố này.","Phim Chính Kịch, Phim Hình Sự",2002-08-30,8.4,129,Fernando Meirelles,"Alexandre Rodrigues, Leandro Firmino, Phellipe Haagensen",/eOSb50gBb4WtbDrMU9yLGKOH9sj.jpg
40096,O Auto da Compadecida,O Auto da Compadecida,"Phim Hài, Phim Chính Kịch, Phim Giả Tượng, Phim Lãng Mạn",2000-09-15,8.4,104,Guel Arraes,"Matheus Nachtergaele, Selton Mello, Fernanda Montenegro",/y3IhuITELtprMhUd7bccu629rba.jpg
1330021,Kỷ vật vô giá,"Khi làm ca đêm tại thủy cung ở thị trấn nhỏ, góa phụ kết bạn với một con bạch tuộc thông minh và một chàng trai lang bạt. Bộ phim chính kịch cảm động chuyển thể từ sách bán chạy.","Phim Chính Kịch, Phim Bí Ẩn",2026-05-07,8.407,114,Olivia Newman,"Sally Field, Lewis Pullman, Colm Meaney",/9HcEqn3D4J6b2Z0jK54id9nA0fr.jpg
539,Tâm Thần Hoảng Loạn,"Tâm Thần Hoảng Loạn: 1 người đàn bà trẻ, Marion Crane , đánh cắp 1 chiếc valise chứa 40 ngàn dollars mà chủ của cô yêu cầu phải gửi nhà băng. Trong lúc bỏ trốn, đêm đó nàng ta nghỉ chân tại 1 motel ít người lui tới và được tiếp đón bởi Norman Bates (Antony Perkins). Theo lời anh ta kể thì anh đang sống tại 1 ngôi nhà gần bên với bà mẹ già tàn phế có tính cách rất khó chịu. Tối hôm ấy, trong lúc tắm để chuẩn bị lên giường ngủ, Marion bất thình lình bị bà già đó túm lấy và đâm điên loạn vào người cô nàng.Norman xuất hiện, giấu xác Marion cùng với chiếc xe hơi (với cả 40 ngàn dollars trong rương) dưới 1 cái hồ gần motel. Cô em gái Marion, Leila và Sam(tình nhân của Marion), cùng với 1 viên thám tử của 1 hãng bảo hiểm lên đường tìm kiếm cô nàng, hy vọng lấy ...","Phim Kinh Dị, Phim Gây Cấn, Phim Bí Ẩn",1960-06-22,8.4,109,Alfred Hitchcock,"Anthony Perkins, Janet Leigh, Vera Miles",/2ykxn5iCpv9RUr94dhTrCUNvIx4.jpg
1383731,Đêm Truy Sát,"Cuộc sống yên bình của Nikki, một cựu anh hùng chiến tranh, bị đảo lộn khi con gái cô bị bắt cóc. Bị cuốn vào thế giới ngầm tội phạm trong khi bị cảnh sát và quân đội truy đuổi, cô phải chiến đấu để giải cứu con gái mình.","Phim Hành Động, Phim Gây Cấn",2026-02-20,8.4,90,Adrian Grünberg,"Milla Jovovich, Matthew Modine, Isabel Myers",/oGHLXswYnguzUe1tlAVxKbaU1g1.jpg
510,Bay Trên Tổ Chim Cúc Cu,"Trong thời gian bị nhốt ở một bệnh viện tâm thần của bang, Randle Patrick McMurphy, một kẻ cuồng dâm bất trị, đã truyền cảm hứng cho các bệnh nhân của mình nổi dậy chống lại sự cai trị độc đoán của y tá trưởng Mildred Rished.",Phim Chính Kịch,1975-11-19,8.404,135,Miloš Forman,"Jack Nicholson, Brad Dourif, Louise Fletcher",/kjWsMh72V6d8KRLV4EOoSJLT1H7.jpg
770156,Lucy Shimmers and the Prince of Peace,Lucy Shimmers and the Prince of Peace,"Phim Chính Kịch, Phim Gia Đình",2020-10-19,8.4,87,Rob Diamond,"Scarlett Diamond, Vincent Vargas, Adam Hightower",/yfnJ5qIYx7q33fY4jqv9Pu95RSg.jpg
620249,Huyền Thoại La Tiểu Hắc,"Khi ngôi nhà trong rừng của mèo tinh linh La Tiểu Hắc bị con người chặt phá, cậu buộc phải lên đường tìm một chốn ở mới. Trên đường đi, cậu gặp một nhóm sinh vật tinh linh khác, được chúng che chở và cùng nuôi giấc mơ giành lại vùng đất mà chúng khẳng định là thuộc về mình. Thế nhưng, cả nhóm chạm trán một con người tên là Vô Hạn. Vô Hạn đã tách La Tiểu Hắc khỏi những tinh linh kia, và cả hai cùng bắt đầu một cuộc hành trình. Trên hành trình ấy, mèo tinh linh dần học cách kiểm soát năng lực của mình, đồng thời tự đưa ra những suy nghĩ về việc liệu cậu nên đứng về phía đồng loại tinh linh hay về phía con người.","Phim Hoạt Hình, Phim Giả Tượng, Phim Hành Động, Phim Phiêu Lưu",2019-08-27,8.4,102,MTJJ,"王宥霁, 劉朙月, 郝祥海",/mp1SBefLi5ZAcLq70jg1j3nDmM1.jpg
324857,Người Nhện: Vũ Trụ Mới,"Sau khi bị một con nhện nhiễm xạ cắn, Miles Morales, chàng thiếu niên từ Brooklyn đã nhận được một khóa học nhanh về cách giăng tơ từ những người ở chiều không gian khác.","Phim Hoạt Hình, Phim Hành Động, Phim Phiêu Lưu, Phim Khoa Học Viễn Tưởng",2018-12-06,8.401,117,"Bob Persichetti, Peter Ramsey, Rodney Rothman","Shameik Moore, Jake Johnson, Hailee Steinfeld",/kahw25SAqedXIruUGIuSUiq7t98.jpg
378064,Dáng Hình Thanh Âm,"Nishimiya Shouko, một cô bé bị điếc từ nhỏ, đã chuyển trường vào lớp của cậu bé Ishida Shouya. Để thỏa mãn sự tò mò của mình, cậu bé Shouya đã khơi mào trò bắt nạt Shouko vì tật khiếm thính. Trong một lần bắt nạt quá đà, Shouko đã bị chảy máu tai, và sau đó cô bé phải tiếp tục chuyển trường. Shouya, thay cho Shouko, bị cả lớp tẩy chay và bắt nạt. Mãi cho tới khi bước vào cao trung, Shouya, bị hành hạ và ân hận bởi những gì mình đã làm trong quá khứ, quyết định rằng cậu phải gặp lại Shouko một lần nữa. Shouya muốn bù đắp lại những tổn thương mà cậu đã gây ra cho Shouko và thực lòng muốn làm bạn với cô bé.","Phim Hoạt Hình, Phim Chính Kịch, Phim Lãng Mạn",2016-09-17,8.4,130,山田尚子,"Irino Miyu, 早見沙織, 悠木碧",/aqri8up06zMaCn0oyYcZporiwj3.jpg
255709,Hy Vọng,"Dựa trên câu chuyện có thật. Phim Hy Vọng - Hope, còn được gọi là Wish, là câu chuyện về bi kịch xảy đến với cô con gái bé nhỏ So-won trong một lần đi học từ trường về nhà. Cha cô bé – Dong-hoon – nhận được điện thoại từ bệnh viện thông báo So-won đang bị chấn thương cả về thể xác lẫn tinh thần. Liệu gia đình của họ có vượt qua được quá khứ và trở về là một mái ấm như ngày xưa... Là một bộ phim Hàn Quốc năm 2013 của đạo diễn Lee Joon-ik, với sự tham gia của Sol Kyung-gu, Uhm Ji-won và Lee Re. Phim đã giành giải Phim hay nhất tại Giải thưởng Phim Rồng Xanh lần thứ 34.",Phim Chính Kịch,2013-10-02,8.4,122,이준익,"설경구, 엄지원, 이레",/1e2I2Ys9V2Jx3CDl8VdoUtpg5tt.jpg
1891,Chiến Tranh Giữa Các Vì Sao: Phần V - Đế Chế Phản Công,"Trước sự truy đuổi gắt gao của quân đội đế quốc, lực lượng nổi loạn phải đến lánh nạn ở hành tinh Hoth băng giá. Nhưng ngay cả ở nơi hẻo lánh này, họ vẫn không thoát khỏi nanh vuốt của tên Dath Vader tàn ác. Hắn tổ chức những đợt tấn công dồn dập vào căn cứ của phe nổi loạn với những vũ khí tối tân nhất. Phá được vòng vây, Han Solo, Công chúa Leia và Chewbacca chạy trốn đến hành tinh Bespin...","Phim Phiêu Lưu, Phim Hành Động, Phim Khoa Học Viễn Tưởng",1980-05-20,8.392,124,Irvin Kershner,"Mark Hamill, Harrison Ford, Carrie Fisher",/nNAeTmF4CtdSgMDplXTDPOpYzsX.jpg
4935,Lâu Đài Bay Của Pháp Sư Howl,Sophie vốn dĩ làm việc tại cửa hàng mũ do người cha quá cố để lại. Cuộc sống nơi thị trấn buồn tẻ cứ thế trôi qua trong lặng lẽ... cho đến ngày cô bỗng biến thành bà lão.,"Phim Giả Tượng, Phim Hoạt Hình, Phim Phiêu Lưu",2004-09-09,8.387,119,宮崎駿,"倍賞千恵子, 木村拓哉, 美輪明宏",/jEa7VIZvKYr3iACvcfNqGWDUIun.jpg
807,Thất Đại Tội,"Hai viên cảnh sát William Somerset và David Mills phối hợp điều tra một vụ án phức tạp liên quan đến 7 điều cấm trong Kinh thánh. Hung thủ được dự đoán là do trước kia hắn lớn lên trong môi trường đạo nghiêm khắc nên tâm lí bất ổn và rồi lần lượt giết người dựa trên 7 tội lỗi trong Kinh thánh mà hắn gán cho mỗi người.  7 tội lỗi đó là: kiêu hãnh (Pride), ghen tị (Envy), ham ăn (Gluttony), sắc dục (Lust), tức giận (Wrath), tham lam (Greed) và lười biếng (Sloth). Án mạng đầu tiên là một tên béo phì với dòng chữ Gluttony viết bằng máu trên tường. Greed là án mạng xảy ra sau đó ở nơi làm của 1 tên luật sư. Một tên buôn ma túy tên Victor bị giết với tội lười biếng - Sloth. Lust là tội gán cho một cô gái điếm. Cuối cùng, Pride là 1 cô nàng quá mải mê chăm chút bề ngoài của mình.","Phim Hình Sự, Phim Bí Ẩn, Phim Gây Cấn",1995-09-22,8.382,127,David Fincher,"Morgan Freeman, Brad Pitt, Gwyneth Paltrow",/vor5v1DDqPVwOQCVKciPqrXmV3S.jpg
696374,Giáo Sư Gabriel,Giáo Sư Gabriel,"Phim Lãng Mạn, Phim Chính Kịch",2020-05-29,8.4,122,Tosca Musk,"Melanie Zanetti, Giulio Berruti, Kurt McKinney",/oyG9TL7FcRP4EZ9Vid6uKzwdndz.jpg
12493,Thiên Đàng và Địa Ngục,"Không chỉ là một cuộc đấu trí phá án đỉnh cao, ""Thiên Đàng và Địa Ngục"" còn là một tấm gương sắc lạnh phản chiếu sự phân hóa xã hội, nơi ranh giới giữa đỉnh cao giàu sang và vực thẳm nghèo đói được mổ xẻ qua một vụ bắt cóc tống tiền đầy lôi cuốn.","Phim Chính Kịch, Phim Hình Sự, Phim Gây Cấn, Phim Bí Ẩn",1963-03-01,8.38,142,Kurosawa Akira,"Mifune Toshiro, Nakadai Tatsuya, 香川京子",/3faOft1rjJrIahaLHof9AwDth2z.jpg
423,Nghệ Sĩ Dương Cầm,"Câu chuyện có thật về những trải nghiệm của nghệ sĩ dương cầm Władysław Szpilman ở Warsaw trong thời kỳ Đức Quốc xã chiếm đóng. Khi những người Do Thái của thành phố bị buộc vào một khu ổ chuột, Szpilman tìm việc chơi đàn trong một quán cà phê; và khi gia đình ông bị trục xuất vào năm 1942, ông trốn lại và sinh tồn trong đống đổ nát của thành phố bị chiến tranh tàn phá.","Phim Chính Kịch, Phim Chiến Tranh",2002-09-17,8.371,150,Roman Polanski,"Adrien Brody, Thomas Kretschmann, Frank Finlay",/2hFvxCCWrTmCYwfy7yum0GKRi3Y.jpg
311,Nước Mỹ Một Thời,"Bộ phim Nước Mỹ một thời với chủ đề hết sức đa dạng từ tình bạn, tình yêu, tình dục, lòng tham, sự phản bội, sự mất mát. Phim chia thành 3 giai đoạn trong lịch sử nước Mỹ: những năm đầu thập niên 20, khoảng năm 1933 và năm 1968. Nhân vật chính trong phim là Noodles một đứa trẻ đường phố ở New York chuyên đi móc túi, cướp giật. Noodles thầm yêu Deborah và thường nhìn trộm Deborah tập múa, Deborah vừa yêu vừa sợ Noodles nên chuyện tình khá thú vị. Tuy nhiên sau lệnh cấm rượu của nước Mỹ, băng nhóm của Noodles đã tham gia kinh doanh bất hợp pháp món hàng này và đụng độ với một băng nhóm khác dẫn đến cái chết của 1 thành viên. Bộ phim với nhiều cảnh bạo lực nhưng phản ánh vô cùng chân thực nước Mỹ thời kỳ này.","Phim Chính Kịch, Phim Hình Sự",1984-05-23,8.369,139,Sergio Leone,"Robert De Niro, James Woods, Elizabeth McGovern",/i0enkzsL5dPeneWnjl1fCWm6L7k.jpg
569094,Người Nhện: Du Hành Vũ Trụ Nhện,"Miles Morales tái xuất trong phần tiếp theo của bom tấn hoạt hình từng đoạt giải Oscar - Spider-Man: Across the Spider-Verse. Sau khi gặp lại Gwen Stacy, chàng Spider-Man thân thiện đến từ Brooklyn phải du hành qua đa vũ trụ và gặp một nhóm Người Nhện chịu trách nhiệm bảo vệ các thế giới song song. Nhưng khi nhóm siêu anh hùng xung đột về cách xử lý một mối đe dọa mới, Miles buộc phải đọ sức với các Người Nhện khác và phải xác định lại ý nghĩa của việc trở thành một người hùng để có thể cứu những người cậu yêu thương nhất.","Phim Hoạt Hình, Phim Hành Động, Phim Phiêu Lưu, Phim Khoa Học Viễn Tưởng",2023-05-31,8.35,140,"Justin K. Thompson, Kemp Powers, Joaquim Dos Santos","Shameik Moore, Hailee Steinfeld, Brian Tyree Henry",/paM6UdMgXuXyAK0jhGfV07o3lRW.jpg
274,Sự Im Lặng Của Bầy Cừu,"Một cô gái trẻ mất tích và vụ án này có liên quan đến một kẻ giết người hàng loạt, để thỏa mãn cho những ý nghĩ bệnh hoạn của gã. Người duy nhất có thể làm vụ án sáng tỏ là tên tù nhân tâm thần, chuyên ăn thịt người Hannibal Lecter ( Anthony Hopkins ). Cô nhân viên trẻ Clarice được giao nhiệm vụ khai thác thông tin ở Hannibal. Từ đó, cô dần khám phá ra bí mật của những tiếng kêu kì lạ từ đàn cừu mà mình hằng ám ảnh…Một bộ phim đầy tính nhân bản được thể hiện qua những đoạn đốI thoại của Clarice và Hannibal và ở cái kết khiến người xem phải suy nghĩ rất nhiều…Bộ phim đã đoạt cùng lúc 5 giải Oscar quan trọng: giải phim hay nhất, đạo diễn, biên kịch, nam nữ diễn viên chính xuất sắc nhất. Đây là một thành tích ...","Phim Hình Sự, Phim Gây Cấn, Phim Chính Kịch",1991-02-14,8.3,119,Jonathan Demme,"Jodie Foster, Anthony Hopkins, Scott Glenn",/2dfScR0ZhDOVRV2Qco758YgLzXG.jpg
724089,Giáo Sư Gabriel: Phần 2,Giáo Sư Gabriel: Phần 2,"Phim Lãng Mạn, Phim Chính Kịch",2020-07-31,8.3,106,Tosca Musk,"Melanie Zanetti, Giulio Berruti, James Andrew Fraser",/x5o8cLZfEXMoZczTYWLrUo1P7UJ.jpg
1058694,Radical,Radical,Phim Chính Kịch,2023-10-19,8.3,125,Christopher Zalla,"Eugenio Derbez, Daniel Haddad, Jennifer Trejo",/eSatbygYZp8ooprBHZdb6GFZxGB.jpg
567,Vụ Án Mạng Nhà Bên,"Phim xoay quanh cuộc sống của anh chàng L.B. ""Jeff"" Jefferies sau khi bị một chiếc xe hơi tông phải cân buộc phải ở nằm bất động trong căn hộ ở tầng ba tòa nhà chung cư Greenwich Village. Cảm thấy vô cùng khó chịu vì phải chịu đựng cuộc sống bất động, chàng phóng viên độc thân giết thời gian bằng cách phóng tầm mắt xuống chiếc sân nhỏ của tòa nhà qua chiếc cửa sổ phía sau của căn hộ. Anh cũng theo dõi cuộc sống hàng ngày của tất cả những người hàng xóm, xem họ ăn, ngủ, dọn dẹp phòng và cãi cọ. Một vũ nữ mặc quần áo lót tập nhảy. Một cặp vợ chồng ngủ ngoài ban công để tránh cái nóng. Một nhạc sĩ nghèo chăm chỉ sáng tác bên cây đàn piano cũ kỹ. Một doanh nhân cũng sống ở tầng ba trong tòa nhà đối diện và thường cãi cọ với người vợ ốm yếu. Và 1 ngày anh chứng kiến một chuyện kinh hãi...","Phim Gây Cấn, Phim Bí Ẩn, Phim Chính Kịch",1954-08-01,8.335,113,Alfred Hitchcock,"James Stewart, Grace Kelly, Wendell Corey",/ILVF0eJxHMddjxeQhswFtpMtqx.jpg
761053,Giáo Sư Gabriel: Phần 3,Giáo Sư Gabriel: Phần 3,"Phim Lãng Mạn, Phim Chính Kịch",2020-11-19,8.3,102,Tosca Musk,"Melanie Zanetti, Giulio Berruti, Rhett Wellington Ramirez",/fYtHxTxlhzD4QWfEbrC1rypysSD.jpg
73,Khoảng Tối Lịch Sử Mỹ,"Derek (Edward Norton) là một thanh niên California trở thành lãnh đạo của một băng nhóm neo-Nazi sau khi cha anh bị sát hại. Em trai nhỏ của anh, Danny, ngưỡng mộ anh và đi theo con đường của sự căm ghét và bạo lực. Khi Derek giết hai tên trộm da đen, anh bị kết án ba năm tù, nơi anh thay đổi cách nghĩ của mình khi gặp những tù nhân khác. Khi ra tù, anh cố gắng kéo Danny ra khỏi chủ nghĩa phân biệt chủng tộc và tội phạm, nhưng anh gặp phải sự kháng cự của những người bạn cũ và hậu quả của quá khứ của mình.",Phim Chính Kịch,1998-07-01,8.323,119,Tony Kaye,"Edward Norton, Edward Furlong, Beverly D'Angelo",/x2drgoXYZ8484lqyDj7L1CEVR4T.jpg
614945,Thư thoại cho Isabelle,Những tin nhắn thoại hài hước và đầy tâm sự mà một cô gái trẻ gửi cho người chị quá cố vô tình được chuyển đến một người lạ – và anh dần phải lòng cô từ phương xa.,"Phim Lãng Mạn, Phim Hài, Phim Chính Kịch",2026-06-20,8.326,119,Leah McKendrick,"Zoey Deutch, Nick Robinson, Harry Shum Jr.",/canZTWSxACSnAluir3dCtMxKpA1.jpg
128,Công Chúa Sói Mononoke,"Bị trúng lời nguyền chết chóc, vị hoàng tử lên đường tìm cách hóa giải, để rồi rơi vào cuộc chiến giữa một thị trấn khai thác mỏ và các loài động vật trong rừng.","Phim Phiêu Lưu, Phim Giả Tượng, Phim Hoạt Hình",1997-07-12,8.321,134,宮崎駿,"松田洋治, 石田ゆり子, 田中裕子",/aULj23Vb5koGiWn4GGapdFIQFCn.jpg
372754,同級生,同級生,"Phim Lãng Mạn, Phim Hoạt Hình",2016-02-20,8.3,61,中村章子,"野島健児, 神谷浩史, 石川英郎",/7byisQANRFHf9SC60n5PaLywuMa.jpg
3782,Phải Sống,"Được lấy cảm hứng từ cuốn tiểu thuyết ""Cái chết của Ivan Ilyich"" của đại văn hào Nga Lev Tolstoy, ""Phải Sống"" của cố đạo diễn Kurosawa Akira đã và luôn được xếp vào danh sách những kiệt tác vĩ đại nhất của lịch sử điện ảnh thế giới.",Phim Chính Kịch,1952-10-09,8.31,143,Kurosawa Akira,"Shimura Takashi, 田中春男, 金子信雄",/sqqbYvlfgECQrZpi2LHur14S3Rn.jpg
10494,Màu Xanh Ảo Giác,"Một ca sĩ từ bỏ ban nhạc để trở thành diễn viên và rũ bỏ hình tượng ""gái ngoan"" để vươn xa hơn trong sự nghiệp.","Phim Hoạt Hình, Phim Gây Cấn",1998-02-28,8.3,81,今敏,"岩男潤子, 松本梨香, 新山志保",/rfxmLMjSSD709PbsoRbge3K79DO.jpg
207,Dead Poets Society,Dead Poets Society,Phim Chính Kịch,1989-06-02,8.3,129,Peter Weir,"Robin Williams, Robert Sean Leonard, Ethan Hawke",/tNvKkSnnn4Z6RCBThyK1gfCSSvv.jpg
533514,Búp Bê Ký Ức: Hồi Ức Không Quên,"Nhiều năm sau chiến tranh, ""Búp bê ký ức"" Violet Evergarden vẫn mãi nhớ về Thiếu tá Gilbert. Một ngày nọ, cô gặp Dietfried - anh trai của Gilbert, người khuyên cô hãy cố quên Gilbert và bắt đầu cuộc sống mới.","Phim Hoạt Hình, Phim Chính Kịch, Phim Giả Tượng, Phim Lãng Mạn",2020-09-18,8.3,140,石立太一,"石川由依, 浪川大輔, 子安武人",/hkUPWnVVara3shgn7mCZLgMlg1c.jpg
820067,Nhà Có Năm Nàng Dâu: Bản Điện Ảnh,Nhà Có Năm Nàng Dâu: Bản Điện Ảnh,"Phim Hoạt Hình, Phim Hài, Phim Lãng Mạn",2022-05-20,8.3,136,神保昌登,"松岡禎丞, 花澤香菜, 竹達彩奈",/i3ghvwfpns4L6bg51VSAaZFG3wV.jpg
101,Sát Thủ Chuyên Nghiệp,"Cô bé Mathilda có hoàn cảnh đặc biệt. Cả nhà buôn ma tuý, cha và chị gái không hề quan tâm gì đến mình, chỉ có cậu em trai là người mà Mathilda yêu thương nhất. Cuộc sống cứ tiếp diễn trôi và trong một bầu không khí đầy khủng hoảng của người chị mất nết cùng người cha buôn ma tuý, tưởng như tương lai Mathilda cũng trở thành một cô bé hư. Mãi cho đến một ngày, khi một cảnh sát tha hoá vì cạnh tranh làm ăn mà giết cả nhà Mathilda, cuộc sống của cô bé mới bắt đầu thay đổi. Cô chạy trốn và được Leon (Jean Reno), một tên giết thuê bảo bọc. Cô học bắn súng để trả thù, và đã được Leon giúp đỡ.","Phim Hình Sự, Phim Chính Kịch, Phim Hành Động",1994-09-14,8.289,111,Luc Besson,"Jean Reno, Natalie Portman, Gary Oldman",/2ZJuVYpUoau4QfftPsrhhmWbIn5.jpg
644479,Dedicada A Mi Ex,Dedicada A Mi Ex,"Phim Chính Kịch, Phim Hài",2019-11-01,8.3,94,Jorge Ulloa,"Raúl Santana, Nataly Valencia, Carlos Alcántara",/xc4bTXVwYNXi10jG9dwcaYt5IpU.jpg
914,Kẻ Độc Tài Vĩ Đại,Nhà độc tài Adenoid Hynkel cố gắng mở rộng đế chế của mình trong khi một thợ cắt tóc Do Thái nghèo cố gắng tránh sự đàn áp từ chế độ của Hynkel.,"Phim Hài, Phim Chiến Tranh",1940-10-15,8.285,125,Charlie Chaplin,"Charlie Chaplin, Paulette Goddard, Jack Oakie",/nhMXB8GTdswYMCL9nepDZymJCOr.jpg
42269,C'eravamo tanto amati,C'eravamo tanto amati,"Phim Chính Kịch, Phim Hài",1974-12-21,8.284,125,Ettore Scola,"Nino Manfredi, Vittorio Gassman, Stefania Sandrelli",/jsjfvG1971tCUPtvj1dNSPWNzST.jpg
3082,Thời Đại Tân Kỳ,The Tramp đấu tranh để sống trong xã hội công nghiệp hiện đại với sự giúp đỡ của một phụ nữ trẻ vô gia cư.,"Phim Hài, Phim Chính Kịch, Phim Lãng Mạn",1936-02-05,8.281,87,Charlie Chaplin,"Charlie Chaplin, Paulette Goddard, Henry Bergman",/AthaPakkuCLROdKxtRbKWclkDBK.jpg
1585,Cuộc Sống Tuyệt Diệu,"Phim kể về một thương nhân nghèo khổ nhưng cương trực và tốt bụng tên là George Bailey. Đêm Giáng sinh, đứng trước nguy cơ phá sản và vào tù, George nung nấu ý định tự tử với suy nghĩ biết đâu cái chết của mình sẽ đem lại một khoản tiền bảo hiểm lớn dành cho gia đình. Giữa lúc đó, anh đã gặp thiên thần hộ mệnh Clarence Odbody (Henry Travers), người được phái xuống để giúp đỡ George những lúc anh cần. Phần lớn bộ phim xoay quanh cuộc sống trước đó của George qua sự thuật lại của Franklin và Joseph, thiên thần vô hình đang chuẩn bị cho Clarence thực hiện sứ mệnh cứu rỗi George.","Phim Chính Kịch, Phim Gia Đình, Phim Giả Tượng",1946-12-20,8.279,131,Frank Capra,"James Stewart, Donna Reed, Lionel Barrymore",/53t1I0hlwIO87gm7yyllaqJmDMf.jpg
654299,Como caído del cielo,Como caído del cielo,"Phim Hài, Phim Chính Kịch, Phim Nhạc",2019-12-24,8.3,112,Pepe Bojórquez,"Omar Chaparro, Ana Claudia Talancón, Stephanie Cayo",/o9cSEHrXzPOO4OIoT9yrdxc216w.jpg
1356039,Phản công,"Khi nhiệm vụ giải cứu con tin dẫn đến thêm kẻ thù mới, đại úy Guerrero cùng đội lính tinh nhuệ phải đối mặt với cuộc phục kích của một nhóm tội phạm.","Phim Hành Động, Phim Phiêu Lưu, Phim Gây Cấn",2025-02-27,8.3,85,Chava Cartas,"Luis Alberti, Noé Hernández, Leonardo Alonso",/kxnFdLJhi37ZVFDCL1ka0yeQVU5.jpg
599,Sunset Boulevard,Sunset Boulevard,Phim Chính Kịch,1950-08-10,8.273,110,Billy Wilder,"William Holden, Gloria Swanson, Erich von Stroheim",/zt8aQ6ksqK6p1AopC5zVTDS9pKT.jpg
77338,Những Kẻ Bên Lề,"Chỉ sau 7 ngày đầu được công chiếu, bộ phim Intouchables (Những kẻ bên lề) đã thu hút gần 2 triệu rưỡi lượt khán giả tại Pháp. Một thành tích khá bất ngờ vì phim này được cho ra mắt hầu như cùng một thời điểm với hai đối thủ nặng ký đến từ Hoa Kỳ là Bí mật của Kỳ lân (Steven Spielberg) và phiên bản mới của Ba chàng ngự lâm pháo thủ (Paul W.S Anderson). Để thành công, bộ phim Những kẻ bên lề chỉ dựa vào cốt truyện kịch bản, chứ không cần đến công nghệ ba chiều hay kỹ xảo điện toán. Tác phẩm này khai thác mạch phim tình cảm xã hội, nó lôi cuốn đông đảo khán giả vào phòng chiếu phim phần lớn vì bộ phim nắm bắt kịp thời thị hiếu của người xem. Vào lúc mà chính phủ Pháp lần lượt ban hành các ...","Phim Chính Kịch, Phim Hài",2011-11-02,8.272,113,"Olivier Nakache, Éric Toledano","François Cluzet, Omar Sy, Anne Le Ny",/xSFPmpHEezDZjoc1pr7TUEerIr.jpg
1439930,The Punisher: Phát Súng Cuối Cùng,The Punisher: Phát Súng Cuối Cùng,"Phim Hành Động, Phim Chính Kịch, Phim Hình Sự",2026-05-12,8.3,51,Reinaldo Marcus Green,"Jon Bernthal, Deborah Ann Woll, Jason R. Moore",/qQclTgLMDvGBuUBFGHRipxkEwWR.jpg
335,Miền Viễn Tây Ngày Ấy,"Một thị trấn nhỏ ở miền Tây bắt đầu trở nên bất ổn khi một ông trùm xe lửa què chân muốn kiểm soát được vùng đất Sweetwater có đường sắt đi qua nên đã thuê các sát thủ xoá sổ gia đình Brett McBain. Cô vợ mới cưới của McBain là Jill trở thành người thừa hưởng toàn bộ gia sản. Cheyenne và một anh chàng Harmonica bí ẩn đã tự nhận nhiệm vụ bảo vệ Jill sau khi McBain bị giết. Nhưng sự việc càng trở nên phức tạp hơn khi anh chàng Harmonica bí ẩn này vô tình dính líu tới vụ tranh chấp đất giữa bà quả phụ Jill và chính nhà tư bản đường sắt tham lam, độc ác…","Phim Chính Kịch, Phim Miền Tây",1968-12-21,8.264,166,Sergio Leone,"Claudia Cardinale, Henry Fonda, Jason Robards",/3MPqF2iK6ZBoagnB5H1pjImHpHc.jpg
28,Lời Sấm Truyền,"Lời Sấm Truyền là một kiệt tác thuộc dòng phim phản chiến, được xem là một trong những đỉnh cao sáng tạo nhất của nhà đạo diễn Francis Ford Coppola. Bộ phim tái hiện lại cuộc chiến tàn khốc của quân đội Mỹ tại Việt Nam cùng những nguyên nhân sâu xa đã khiến quân đội Mỹ gục ngã.Đây là một tác phẩm gây ám ảnh, nêu bật lên nhiều vấn đề phản chiến đậm tính nhân loại, về bản chất của loài người, và những nỗi đau ghê sợ đến tột cùng, được gói gọn chỉ trong 2 chữ: ""Kinh Hoàng"".Dựa một phần vào tác phẩm của Joseph Conrad, ""The Heart of Darkness"", bộ phim chuyển câu chuyện về thời điểm chiến tranh Việt Nam. Một đại úy lực lượng đặc nhiệm Mỹ được lệnh truy đuổi và ám sát viên đại tá Walter E. Kurtz , người đang dần trở ...","Phim Chính Kịch, Phim Chiến Tranh",1979-05-19,8.261,147,Francis Ford Coppola,"Martin Sheen, Marlon Brando, Frederic Forrest",/gQB8Y5RCMkv2zwzFHbUJX3kAhvA.jpg
603,Ma Trận,"The Matrix (MaTrận) là bộ phim khoa học giả tưởng về tương lai. Trong tương lai đó, Thomas, biệt danh Neo, là một hacker luôn có cảm giác khác thường về thế giới thực. Cho tới khi người đàn ông tự xưng là Morpheus tìm đến anh. Người đàn ông này nói cho anh biết, thế giới mà mọi người coi là thực chỉ là một chương trình giả lập để máy móc cai trị con người. Chỉ có một người có thể phá được Ma trận. Những người thật sống sót còn lại cuối cùng và những nhân viên Ma trận đều cùng đi tìm người đó. Và người đó chính là anh – Neo…","Phim Hành Động, Phim Khoa Học Viễn Tưởng",1999-03-31,8.26,136,"Lana Wachowski, Lilly Wachowski","Keanu Reeves, Laurence Fishburne, Carrie-Anne Moss",/fE7S6EwaBgRQeqKoDVFoImMmAF4.jpg
92321,Lạc Vào Khu Rừng Đom Đóm,"Một ngày hè nóng nực, một cô bé bị lạc vào một khu rừng mê hoặc của thần núi, nơi các linh hồn trú ngụ. Một cậu bé xuất hiện trước mặt cô, nhưng cô không thể chạm vào cậu vì sợ cậu biến mất. Và vì vậy một cuộc phiêu lưu kỳ diệu đang chờ đợi ...","Phim Lãng Mạn, Phim Hoạt Hình, Phim Giả Tượng",2011-09-17,8.3,45,大森貴弘,"沢田泉, 田谷隼, 佐倉綾音",/7ZTL7uAfqGygKM2gJGYm36y46NU.jpg
637920,Điều Kì Diệu Ở Phòng Giam Số 7,Một người cha bị thiểu năng bị buộc phải xa con gái và phải chứng minh mình vô tội khi anh bị tống vào tù vì cái chết của con gái một vị chỉ huy quân sự.,Phim Chính Kịch,2019-10-10,8.251,132,Mehmet Ada Öztekin,"Aras Bulut İynemli, Nisa Sofiya Aksongur, İlker Aksum",/sOfUbzu6OUL5cscGODPdpHn9C1g.jpg
8587,Vua Sư Tử,"Lấy bối cảnh là khu vực rừng hoang Phi Châu, bộ phim đã xây dựng nên cả một xã hội có tổ chức của thế giới loài vật. Trong xã hội ấy cũng có những mâu thuẫn, cũng có tranh chấp và có cả tình yêu như thế giới loài người. Nhân vật chính của Vua sư tử là chú sư tử con Simba, con trai của Mufasa vị vua đang thống trị thế giới hoang dã ở đây. Cuộc sống hạnh phúc yêu đời bên cạnh cha mẹ và cô bạn Nala của cậu sớm chấm dứt khi người chú ruột Scar có âm mưu cướp ngai vàng của cha cậu....","Phim Hoạt Hình, Phim Gia Đình, Phim Chính Kịch",1994-06-15,8.251,89,"Roger Allers, Rob Minkoff","Matthew Broderick, Moira Kelly, Jeremy Irons",/AsGpIREstvwExc3UqczmIPP4pay.jpg
975,Đường Tới Vinh Quang,Bộ phim nói về Đại tá Dax (Kirk Douglas) là chỉ huy một đơn vị có số hiệu 701 của quân đội Pháp trong thế chiến lần 1. Trong một lần được giao một nhiệm vụ tấn công khó khăn dường như bất khả thi khiến một nửa số quân lính của anh bị chết trong bão lửa của quân thù. Ngay sau đó ở hậu phương sự đưa đẩy trách nhiệm bắt đầu diễn ra. Những người lính trở về sau khi thoát khỏi nòng súng kẻ thù giờ lại phải đối mặt với án tử hình trong sự oan ức vì những mệnh lệnh sai lầm từ các cấp chỉ huy. Làm cách nào Đại tá Dax có thể bảo vệ được những người lính vốn thấp cổ bé họng khỏi một hệ thống máu lạnh của những sĩ quan muốn đẩy họ vào cái chết nhằm che giấu sai phạm của bản thân...?,"Phim Chiến Tranh, Phim Chính Kịch",1957-10-25,8.252,88,Stanley Kubrick,"Kirk Douglas, Ralph Meeker, Adolphe Menjou",/hGg1UCQSHlXfv2HI9bDHT2OQBam.jpg
652837,"Josee,  Khi Nàng Thơ Yêu","Phim xoay quanh cuộc gặp gỡ định mệnh giữa Josee, một cô gái 24 tuổi khuyết tật, sống cùng bà và vô cùng khép kín với cuộc sống bên ngoài. Josee đã luôn sống trong thế giới nhỏ của bản thân, cho tới một buổi tối định mệnh khi cô được cậu sinh viên Tsuneo cứu trong một tai nạn. Mới đầu, Josee còn vô cùng cảnh giác với sự xuất hiện của Tsuneo, tuy nhiên sau đó, khi cậu sinh viên chứng minh được sự chân thành của mình, Josee đã dần mở lòng để Tsuneo khám phá về thế giới bí mật của riêng cô. Về phần Tsuneo, sự xuất hiện của Josee chính là bước ngoặt trong cuộc sống tưởng chừng đã được “mặc định” sẵn từng bước của cậu.","Phim Hoạt Hình, Phim Chính Kịch, Phim Lãng Mạn",2020-12-25,8.2,98,タムラコータロー,"中川大志, 清原果耶, 宮本侑芽",/zUnZ5gY7CN0MzgcSqixIVIVhTjv.jpg
92060,Michael Jackson's Thriller,Michael Jackson's Thriller,"Phim Kinh Dị, Phim Nhạc, Phim Gây Cấn",1983-11-21,8.2,14,John Landis,"Michael Jackson, Ola Ray, Vincent Price",/djv4LM6uanJriwpsOyJzaaSp4gf.jpg
1139087,Once Upon a Studio,Once Upon a Studio,"Phim Hoạt Hình, Phim Gia Đình, Phim Giả Tượng, Phim Chính Kịch, Phim Hài",2023-09-24,8.2,9,"Dan Abraham, Trent Correy","Chris Diamantopoulos, Kaitlyn Robrock, Tony Anselmo",/aiy3G1cYWV3LgKZHY6a3jL8bjYL.jpg
